solid OpenSCAD_Model
  facet normal 0.999465 0.0327027 0
    outer loop
      vertex 4 0 40
      vertex 3.99144 0.261612 0
      vertex 3.99144 0.261612 40
    endloop
  endfacet
  facet normal 0.999465 0.0327027 0
    outer loop
      vertex 3.99144 0.261612 0
      vertex 4 0 40
      vertex 4 0 0
    endloop
  endfacet
  facet normal -0.999465 0.0327027 0
    outer loop
      vertex -4 0 0
      vertex -3.99144 0.261612 40
      vertex -3.99144 0.261612 0
    endloop
  endfacet
  facet normal -0.999465 0.0327027 0
    outer loop
      vertex -3.99144 0.261612 40
      vertex -4 0 0
      vertex -4 0 40
    endloop
  endfacet
  facet normal 0.0327027 0.999465 -0
    outer loop
      vertex 0.261612 3.99144 0
      vertex 0 4 40
      vertex 0.261612 3.99144 40
    endloop
  endfacet
  facet normal 0.0327027 0.999465 0
    outer loop
      vertex 0 4 40
      vertex 0.261612 3.99144 0
      vertex 0 4 0
    endloop
  endfacet
  facet normal 0.683576 0.729879 -0
    outer loop
      vertex 2.82843 2.82843 0
      vertex 2.63738 3.00736 40
      vertex 2.82843 2.82843 40
    endloop
  endfacet
  facet normal 0.683576 0.729879 0
    outer loop
      vertex 2.63738 3.00736 40
      vertex 2.82843 2.82843 0
      vertex 2.63738 3.00736 0
    endloop
  endfacet
  facet normal -0.683576 0.729879 0
    outer loop
      vertex -2.63738 3.00736 0
      vertex -2.82843 2.82843 40
      vertex -2.63738 3.00736 40
    endloop
  endfacet
  facet normal -0.683576 0.729879 0
    outer loop
      vertex -2.82843 2.82843 40
      vertex -2.63738 3.00736 0
      vertex -2.82843 2.82843 0
    endloop
  endfacet
  facet normal -0.352249 0.935906 0
    outer loop
      vertex -1.28576 3.78772 0
      vertex -1.53073 3.69552 40
      vertex -1.28576 3.78772 40
    endloop
  endfacet
  facet normal -0.352249 0.935906 0
    outer loop
      vertex -1.53073 3.69552 40
      vertex -1.28576 3.78772 0
      vertex -1.53073 3.69552 0
    endloop
  endfacet
  facet normal 0.910859 0.412718 0
    outer loop
      vertex 3.69552 1.53073 40
      vertex 3.58749 1.76915 0
      vertex 3.58749 1.76915 40
    endloop
  endfacet
  facet normal 0.910859 0.412718 0
    outer loop
      vertex 3.58749 1.76915 0
      vertex 3.69552 1.53073 40
      vertex 3.69552 1.53073 0
    endloop
  endfacet
  facet normal 0.412718 0.910859 -0
    outer loop
      vertex 1.76915 3.58749 0
      vertex 1.53073 3.69552 40
      vertex 1.76915 3.58749 40
    endloop
  endfacet
  facet normal 0.412718 0.910859 0
    outer loop
      vertex 1.53073 3.69552 40
      vertex 1.76915 3.58749 0
      vertex 1.53073 3.69552 0
    endloop
  endfacet
  facet normal 0.582481 0.812845 -0
    outer loop
      vertex 2.43505 3.17341 0
      vertex 2.22228 3.32588 40
      vertex 2.43505 3.17341 40
    endloop
  endfacet
  facet normal 0.582481 0.812845 0
    outer loop
      vertex 2.22228 3.32588 40
      vertex 2.43505 3.17341 0
      vertex 2.22228 3.32588 0
    endloop
  endfacet
  facet normal -0.910859 0.412718 0
    outer loop
      vertex -3.69552 1.53073 0
      vertex -3.58749 1.76915 40
      vertex -3.58749 1.76915 0
    endloop
  endfacet
  facet normal -0.910859 0.412718 0
    outer loop
      vertex -3.58749 1.76915 40
      vertex -3.69552 1.53073 0
      vertex -3.69552 1.53073 40
    endloop
  endfacet
  facet normal -0.162901 0.986642 0
    outer loop
      vertex -0.522104 3.96578 0
      vertex -0.780361 3.92314 40
      vertex -0.522104 3.96578 40
    endloop
  endfacet
  facet normal -0.162901 0.986642 0
    outer loop
      vertex -0.780361 3.92314 40
      vertex -0.522104 3.96578 0
      vertex -0.780361 3.92314 0
    endloop
  endfacet
  facet normal 0.935906 -0.352249 0
    outer loop
      vertex 3.69552 -1.53073 40
      vertex 3.78772 -1.28576 0
      vertex 3.78772 -1.28576 40
    endloop
  endfacet
  facet normal 0.935906 -0.352249 0
    outer loop
      vertex 3.78772 -1.28576 0
      vertex 3.69552 -1.53073 40
      vertex 3.69552 -1.53073 0
    endloop
  endfacet
  facet normal 0.973876 0.227081 0
    outer loop
      vertex 3.92314 0.780361 40
      vertex 3.8637 1.03528 0
      vertex 3.8637 1.03528 40
    endloop
  endfacet
  facet normal 0.973876 0.227081 0
    outer loop
      vertex 3.8637 1.03528 0
      vertex 3.92314 0.780361 40
      vertex 3.92314 0.780361 0
    endloop
  endfacet
  facet normal 0.995183 0.0980314 0
    outer loop
      vertex 3.99144 0.261612 40
      vertex 3.96578 0.522104 0
      vertex 3.96578 0.522104 40
    endloop
  endfacet
  facet normal 0.995183 0.0980314 0
    outer loop
      vertex 3.96578 0.522104 0
      vertex 3.99144 0.261612 40
      vertex 3.99144 0.261612 0
    endloop
  endfacet
  facet normal 0.812845 0.582481 0
    outer loop
      vertex 3.32588 2.22228 40
      vertex 3.17341 2.43505 0
      vertex 3.17341 2.43505 40
    endloop
  endfacet
  facet normal 0.812845 0.582481 0
    outer loop
      vertex 3.17341 2.43505 0
      vertex 3.32588 2.22228 40
      vertex 3.32588 2.22228 0
    endloop
  endfacet
  facet normal 0.881924 0.471391 0
    outer loop
      vertex 3.58749 1.76915 40
      vertex 3.4641 2 0
      vertex 3.4641 2 40
    endloop
  endfacet
  facet normal 0.881924 0.471391 0
    outer loop
      vertex 3.4641 2 0
      vertex 3.58749 1.76915 40
      vertex 3.58749 1.76915 0
    endloop
  endfacet
  facet normal 0.227081 0.973876 -0
    outer loop
      vertex 1.03528 3.8637 0
      vertex 0.780361 3.92314 40
      vertex 1.03528 3.8637 40
    endloop
  endfacet
  facet normal 0.227081 0.973876 0
    outer loop
      vertex 0.780361 3.92314 40
      vertex 1.03528 3.8637 0
      vertex 0.780361 3.92314 0
    endloop
  endfacet
  facet normal 0.162901 0.986642 -0
    outer loop
      vertex 0.780361 3.92314 0
      vertex 0.522104 3.96578 40
      vertex 0.780361 3.92314 40
    endloop
  endfacet
  facet normal 0.162901 0.986642 0
    outer loop
      vertex 0.522104 3.96578 40
      vertex 0.780361 3.92314 0
      vertex 0.522104 3.96578 0
    endloop
  endfacet
  facet normal 0.528061 0.849207 -0
    outer loop
      vertex 2.22228 3.32588 0
      vertex 2 3.4641 40
      vertex 2.22228 3.32588 40
    endloop
  endfacet
  facet normal 0.528061 0.849207 0
    outer loop
      vertex 2 3.4641 40
      vertex 2.22228 3.32588 0
      vertex 2 3.4641 0
    endloop
  endfacet
  facet normal 0.634398 0.773007 -0
    outer loop
      vertex 2.63738 3.00736 0
      vertex 2.43505 3.17341 40
      vertex 2.63738 3.00736 40
    endloop
  endfacet
  facet normal 0.634398 0.773007 0
    outer loop
      vertex 2.43505 3.17341 40
      vertex 2.63738 3.00736 0
      vertex 2.43505 3.17341 0
    endloop
  endfacet
  facet normal -0.973876 0.227081 0
    outer loop
      vertex -3.92314 0.780361 0
      vertex -3.8637 1.03528 40
      vertex -3.8637 1.03528 0
    endloop
  endfacet
  facet normal -0.973876 0.227081 0
    outer loop
      vertex -3.8637 1.03528 40
      vertex -3.92314 0.780361 0
      vertex -3.92314 0.780361 40
    endloop
  endfacet
  facet normal -0.812845 0.582481 0
    outer loop
      vertex -3.32588 2.22228 0
      vertex -3.17341 2.43505 40
      vertex -3.17341 2.43505 0
    endloop
  endfacet
  facet normal -0.812845 0.582481 0
    outer loop
      vertex -3.17341 2.43505 40
      vertex -3.32588 2.22228 0
      vertex -3.32588 2.22228 40
    endloop
  endfacet
  facet normal -0.849207 0.528061 0
    outer loop
      vertex -3.4641 2 0
      vertex -3.32588 2.22228 40
      vertex -3.32588 2.22228 0
    endloop
  endfacet
  facet normal -0.849207 0.528061 0
    outer loop
      vertex -3.32588 2.22228 40
      vertex -3.4641 2 0
      vertex -3.4641 2 40
    endloop
  endfacet
  facet normal -0.986642 0.162901 0
    outer loop
      vertex -3.96578 0.522104 0
      vertex -3.92314 0.780361 40
      vertex -3.92314 0.780361 0
    endloop
  endfacet
  facet normal -0.986642 0.162901 0
    outer loop
      vertex -3.92314 0.780361 40
      vertex -3.96578 0.522104 0
      vertex -3.96578 0.522104 40
    endloop
  endfacet
  facet normal -0.528061 0.849207 0
    outer loop
      vertex -2 3.4641 0
      vertex -2.22228 3.32588 40
      vertex -2 3.4641 40
    endloop
  endfacet
  facet normal -0.528061 0.849207 0
    outer loop
      vertex -2.22228 3.32588 40
      vertex -2 3.4641 0
      vertex -2.22228 3.32588 0
    endloop
  endfacet
  facet normal -0.582481 0.812845 0
    outer loop
      vertex -2.22228 3.32588 0
      vertex -2.43505 3.17341 40
      vertex -2.22228 3.32588 40
    endloop
  endfacet
  facet normal -0.582481 0.812845 0
    outer loop
      vertex -2.43505 3.17341 40
      vertex -2.22228 3.32588 0
      vertex -2.43505 3.17341 0
    endloop
  endfacet
  facet normal -0.227081 0.973876 0
    outer loop
      vertex -0.780361 3.92314 0
      vertex -1.03528 3.8637 40
      vertex -0.780361 3.92314 40
    endloop
  endfacet
  facet normal -0.227081 0.973876 0
    outer loop
      vertex -1.03528 3.8637 40
      vertex -0.780361 3.92314 0
      vertex -1.03528 3.8637 0
    endloop
  endfacet
  facet normal -0.0980314 0.995183 0
    outer loop
      vertex -0.261612 3.99144 0
      vertex -0.522104 3.96578 40
      vertex -0.261612 3.99144 40
    endloop
  endfacet
  facet normal -0.0980314 0.995183 0
    outer loop
      vertex -0.522104 3.96578 40
      vertex -0.261612 3.99144 0
      vertex -0.522104 3.96578 0
    endloop
  endfacet
  facet normal 0.227081 -0.973876 0
    outer loop
      vertex 0.780361 -3.92314 0
      vertex 1.03528 -3.8637 40
      vertex 0.780361 -3.92314 40
    endloop
  endfacet
  facet normal 0.227081 -0.973876 0
    outer loop
      vertex 1.03528 -3.8637 40
      vertex 0.780361 -3.92314 0
      vertex 1.03528 -3.8637 0
    endloop
  endfacet
  facet normal 0.773007 -0.634398 0
    outer loop
      vertex 3.00736 -2.63738 40
      vertex 3.17341 -2.43505 0
      vertex 3.17341 -2.43505 40
    endloop
  endfacet
  facet normal 0.773007 -0.634398 0
    outer loop
      vertex 3.17341 -2.43505 0
      vertex 3.00736 -2.63738 40
      vertex 3.00736 -2.63738 0
    endloop
  endfacet
  facet normal -0.528061 -0.849207 0
    outer loop
      vertex -2.22228 -3.32588 0
      vertex -2 -3.4641 40
      vertex -2.22228 -3.32588 40
    endloop
  endfacet
  facet normal -0.528061 -0.849207 -0
    outer loop
      vertex -2 -3.4641 40
      vertex -2.22228 -3.32588 0
      vertex -2 -3.4641 0
    endloop
  endfacet
  facet normal -0.162901 -0.986642 0
    outer loop
      vertex -0.780361 -3.92314 0
      vertex -0.522104 -3.96578 40
      vertex -0.780361 -3.92314 40
    endloop
  endfacet
  facet normal -0.162901 -0.986642 -0
    outer loop
      vertex -0.522104 -3.96578 40
      vertex -0.780361 -3.92314 0
      vertex -0.522104 -3.96578 0
    endloop
  endfacet
  facet normal -0.812845 -0.582481 0
    outer loop
      vertex -3.17341 -2.43505 0
      vertex -3.32588 -2.22228 40
      vertex -3.32588 -2.22228 0
    endloop
  endfacet
  facet normal -0.812845 -0.582481 0
    outer loop
      vertex -3.32588 -2.22228 40
      vertex -3.17341 -2.43505 0
      vertex -3.17341 -2.43505 40
    endloop
  endfacet
  facet normal -0.973876 -0.227081 0
    outer loop
      vertex -3.8637 -1.03528 0
      vertex -3.92314 -0.780361 40
      vertex -3.92314 -0.780361 0
    endloop
  endfacet
  facet normal -0.973876 -0.227081 0
    outer loop
      vertex -3.92314 -0.780361 40
      vertex -3.8637 -1.03528 0
      vertex -3.8637 -1.03528 40
    endloop
  endfacet
  facet normal 0 0 -1
    outer loop
      vertex 2.5 0 0
      vertex 4 0 0
      vertex 3.99144 -0.261612 0
    endloop
  endfacet
  facet normal 0 0 -1
    outer loop
      vertex 2.49465 -0.163507 0
      vertex 3.99144 -0.261612 0
      vertex 3.96578 -0.522104 0
    endloop
  endfacet
  facet normal 0 0 -1
    outer loop
      vertex 4 0 0
      vertex 2.5 0 0
      vertex 3.99144 0.261612 0
    endloop
  endfacet
  facet normal 0 0 -1
    outer loop
      vertex 2.47861 -0.326315 0
      vertex 3.96578 -0.522104 0
      vertex 3.92314 -0.780361 0
    endloop
  endfacet
  facet normal 0 0 -1
    outer loop
      vertex 2.49465 0.163507 0
      vertex 3.99144 0.261612 0
      vertex 2.5 0 0
    endloop
  endfacet
  facet normal 0 0 -1
    outer loop
      vertex 2.45196 -0.487725 0
      vertex 3.92314 -0.780361 0
      vertex 3.8637 -1.03528 0
    endloop
  endfacet
  facet normal -0 0 -1
    outer loop
      vertex 3.99144 0.261612 0
      vertex 2.49465 0.163507 0
      vertex 3.96578 0.522104 0
    endloop
  endfacet
  facet normal 0 0 -1
    outer loop
      vertex 2.41481 -0.647047 0
      vertex 3.8637 -1.03528 0
      vertex 3.78772 -1.28576 0
    endloop
  endfacet
  facet normal 0 0 -1
    outer loop
      vertex 2.47861 0.326315 0
      vertex 3.96578 0.522104 0
      vertex 2.49465 0.163507 0
    endloop
  endfacet
  facet normal 0 0 -1
    outer loop
      vertex 2.36732 -0.803598 0
      vertex 3.78772 -1.28576 0
      vertex 3.69552 -1.53073 0
    endloop
  endfacet
  facet normal -0 0 -1
    outer loop
      vertex 3.96578 0.522104 0
      vertex 2.47861 0.326315 0
      vertex 3.92314 0.780361 0
    endloop
  endfacet
  facet normal 0 0 -1
    outer loop
      vertex 2.3097 -0.956708 0
      vertex 3.69552 -1.53073 0
      vertex 3.58749 -1.76915 0
    endloop
  endfacet
  facet normal 0 0 -1
    outer loop
      vertex 2.45196 0.487725 0
      vertex 3.92314 0.780361 0
      vertex 2.47861 0.326315 0
    endloop
  endfacet
  facet normal 0 0 -1
    outer loop
      vertex 2.24218 -1.10572 0
      vertex 3.58749 -1.76915 0
      vertex 3.4641 -2 0
    endloop
  endfacet
  facet normal -0 0 -1
    outer loop
      vertex 3.92314 0.780361 0
      vertex 2.45196 0.487725 0
      vertex 3.8637 1.03528 0
    endloop
  endfacet
  facet normal 0 0 -1
    outer loop
      vertex 2.16506 -1.25 0
      vertex 3.4641 -2 0
      vertex 3.32588 -2.22228 0
    endloop
  endfacet
  facet normal 0 0 -1
    outer loop
      vertex 2.41481 0.647047 0
      vertex 3.8637 1.03528 0
      vertex 2.45196 0.487725 0
    endloop
  endfacet
  facet normal 0 0 -1
    outer loop
      vertex 2.07867 -1.38893 0
      vertex 3.32588 -2.22228 0
      vertex 3.17341 -2.43505 0
    endloop
  endfacet
  facet normal -0 0 -1
    outer loop
      vertex 3.8637 1.03528 0
      vertex 2.41481 0.647047 0
      vertex 3.78772 1.28576 0
    endloop
  endfacet
  facet normal 0 0 -1
    outer loop
      vertex 1.98338 -1.5219 0
      vertex 3.17341 -2.43505 0
      vertex 3.00736 -2.63738 0
    endloop
  endfacet
  facet normal 0 0 -1
    outer loop
      vertex 2.36732 0.803598 0
      vertex 3.78772 1.28576 0
      vertex 2.41481 0.647047 0
    endloop
  endfacet
  facet normal 0 0 -1
    outer loop
      vertex 1.8796 -1.64836 0
      vertex 3.00736 -2.63738 0
      vertex 2.82843 -2.82843 0
    endloop
  endfacet
  facet normal -0 0 -1
    outer loop
      vertex 3.78772 1.28576 0
      vertex 2.36732 0.803598 0
      vertex 3.69552 1.53073 0
    endloop
  endfacet
  facet normal 0 0 -1
    outer loop
      vertex 1.76777 -1.76777 0
      vertex 2.82843 -2.82843 0
      vertex 2.63738 -3.00736 0
    endloop
  endfacet
  facet normal 0 0 -1
    outer loop
      vertex 2.3097 0.956708 0
      vertex 3.69552 1.53073 0
      vertex 2.36732 0.803598 0
    endloop
  endfacet
  facet normal -0 0 -1
    outer loop
      vertex 3.69552 1.53073 0
      vertex 2.3097 0.956708 0
      vertex 3.58749 1.76915 0
    endloop
  endfacet
  facet normal 0 0 -1
    outer loop
      vertex 3.99144 -0.261612 0
      vertex 2.49465 -0.163507 0
      vertex 2.5 0 0
    endloop
  endfacet
  facet normal 0 0 -1
    outer loop
      vertex 3.96578 -0.522104 0
      vertex 2.47861 -0.326315 0
      vertex 2.49465 -0.163507 0
    endloop
  endfacet
  facet normal 0 0 -1
    outer loop
      vertex 3.92314 -0.780361 0
      vertex 2.45196 -0.487725 0
      vertex 2.47861 -0.326315 0
    endloop
  endfacet
  facet normal 0 0 -1
    outer loop
      vertex 1.64836 -1.8796 0
      vertex 2.63738 -3.00736 0
      vertex 2.43505 -3.17341 0
    endloop
  endfacet
  facet normal 0 0 -1
    outer loop
      vertex 3.8637 -1.03528 0
      vertex 2.41481 -0.647047 0
      vertex 2.45196 -0.487725 0
    endloop
  endfacet
  facet normal 0 0 -1
    outer loop
      vertex 3.78772 -1.28576 0
      vertex 2.36732 -0.803598 0
      vertex 2.41481 -0.647047 0
    endloop
  endfacet
  facet normal 0 0 -1
    outer loop
      vertex 3.69552 -1.53073 0
      vertex 2.3097 -0.956708 0
      vertex 2.36732 -0.803598 0
    endloop
  endfacet
  facet normal 0 0 -1
    outer loop
      vertex 3.58749 -1.76915 0
      vertex 2.24218 -1.10572 0
      vertex 2.3097 -0.956708 0
    endloop
  endfacet
  facet normal 0 0 -1
    outer loop
      vertex 1.5219 -1.98338 0
      vertex 2.43505 -3.17341 0
      vertex 2.22228 -3.32588 0
    endloop
  endfacet
  facet normal 0 0 -1
    outer loop
      vertex 3.4641 -2 0
      vertex 2.16506 -1.25 0
      vertex 2.24218 -1.10572 0
    endloop
  endfacet
  facet normal 0 0 -1
    outer loop
      vertex 3.32588 -2.22228 0
      vertex 2.07867 -1.38893 0
      vertex 2.16506 -1.25 0
    endloop
  endfacet
  facet normal 0 0 -1
    outer loop
      vertex 1.38893 -2.07867 0
      vertex 2.22228 -3.32588 0
      vertex 2 -3.4641 0
    endloop
  endfacet
  facet normal 0 0 -1
    outer loop
      vertex 3.17341 -2.43505 0
      vertex 1.98338 -1.5219 0
      vertex 2.07867 -1.38893 0
    endloop
  endfacet
  facet normal 0 0 -1
    outer loop
      vertex 3.00736 -2.63738 0
      vertex 1.8796 -1.64836 0
      vertex 1.98338 -1.5219 0
    endloop
  endfacet
  facet normal 0 0 -1
    outer loop
      vertex 1.25 -2.16506 0
      vertex 2 -3.4641 0
      vertex 1.76915 -3.58749 0
    endloop
  endfacet
  facet normal 0 0 -1
    outer loop
      vertex 2.82843 -2.82843 0
      vertex 1.76777 -1.76777 0
      vertex 1.8796 -1.64836 0
    endloop
  endfacet
  facet normal 0 0 -1
    outer loop
      vertex 2.63738 -3.00736 0
      vertex 1.64836 -1.8796 0
      vertex 1.76777 -1.76777 0
    endloop
  endfacet
  facet normal 0 0 -1
    outer loop
      vertex 1.10572 -2.24218 0
      vertex 1.76915 -3.58749 0
      vertex 1.53073 -3.69552 0
    endloop
  endfacet
  facet normal 0 0 -1
    outer loop
      vertex 2.43505 -3.17341 0
      vertex 1.5219 -1.98338 0
      vertex 1.64836 -1.8796 0
    endloop
  endfacet
  facet normal 0 0 -1
    outer loop
      vertex 2.22228 -3.32588 0
      vertex 1.38893 -2.07867 0
      vertex 1.5219 -1.98338 0
    endloop
  endfacet
  facet normal 0 0 -1
    outer loop
      vertex 0.956708 -2.3097 0
      vertex 1.53073 -3.69552 0
      vertex 1.28576 -3.78772 0
    endloop
  endfacet
  facet normal 0 0 -1
    outer loop
      vertex 2 -3.4641 0
      vertex 1.25 -2.16506 0
      vertex 1.38893 -2.07867 0
    endloop
  endfacet
  facet normal 0 0 -1
    outer loop
      vertex 1.76915 -3.58749 0
      vertex 1.10572 -2.24218 0
      vertex 1.25 -2.16506 0
    endloop
  endfacet
  facet normal 0 0 -1
    outer loop
      vertex 0.803598 -2.36732 0
      vertex 1.28576 -3.78772 0
      vertex 1.03528 -3.8637 0
    endloop
  endfacet
  facet normal 0 0 -1
    outer loop
      vertex 1.53073 -3.69552 0
      vertex 0.956708 -2.3097 0
      vertex 1.10572 -2.24218 0
    endloop
  endfacet
  facet normal 0 0 -1
    outer loop
      vertex 1.28576 -3.78772 0
      vertex 0.803598 -2.36732 0
      vertex 0.956708 -2.3097 0
    endloop
  endfacet
  facet normal 0 0 -1
    outer loop
      vertex 0.647047 -2.41481 0
      vertex 1.03528 -3.8637 0
      vertex 0.780361 -3.92314 0
    endloop
  endfacet
  facet normal 0 0 -1
    outer loop
      vertex 1.03528 -3.8637 0
      vertex 0.647047 -2.41481 0
      vertex 0.803598 -2.36732 0
    endloop
  endfacet
  facet normal 0 0 -1
    outer loop
      vertex 0.487725 -2.45196 0
      vertex 0.780361 -3.92314 0
      vertex 0.522104 -3.96578 0
    endloop
  endfacet
  facet normal 0 0 -1
    outer loop
      vertex 0.780361 -3.92314 0
      vertex 0.487725 -2.45196 0
      vertex 0.647047 -2.41481 0
    endloop
  endfacet
  facet normal 0 0 -1
    outer loop
      vertex 0.522104 -3.96578 0
      vertex 0.326315 -2.47861 0
      vertex 0.487725 -2.45196 0
    endloop
  endfacet
  facet normal 0 0 -1
    outer loop
      vertex 0.261612 -3.99144 0
      vertex 0.326315 -2.47861 0
      vertex 0.522104 -3.96578 0
    endloop
  endfacet
  facet normal 0 0 -1
    outer loop
      vertex 0.261612 -3.99144 0
      vertex 0.163507 -2.49465 0
      vertex 0.326315 -2.47861 0
    endloop
  endfacet
  facet normal 0 0 -1
    outer loop
      vertex 0 -4 0
      vertex 0.163507 -2.49465 0
      vertex 0.261612 -3.99144 0
    endloop
  endfacet
  facet normal 0 0 -1
    outer loop
      vertex 0 -4 0
      vertex 0 -2.5 0
      vertex 0.163507 -2.49465 0
    endloop
  endfacet
  facet normal 0 0 -1
    outer loop
      vertex 0 -4 0
      vertex -0.163507 -2.49465 0
      vertex 0 -2.5 0
    endloop
  endfacet
  facet normal 0 0 -1
    outer loop
      vertex -0.261612 -3.99144 0
      vertex -0.163507 -2.49465 0
      vertex 0 -4 0
    endloop
  endfacet
  facet normal 0 0 -1
    outer loop
      vertex -0.261612 -3.99144 0
      vertex -0.326315 -2.47861 0
      vertex -0.163507 -2.49465 0
    endloop
  endfacet
  facet normal 0 0 -1
    outer loop
      vertex -0.522104 -3.96578 0
      vertex -0.326315 -2.47861 0
      vertex -0.261612 -3.99144 0
    endloop
  endfacet
  facet normal -0 0 -1
    outer loop
      vertex -0.326315 -2.47861 0
      vertex -0.522104 -3.96578 0
      vertex -0.487725 -2.45196 0
    endloop
  endfacet
  facet normal 0 0 -1
    outer loop
      vertex -0.780361 -3.92314 0
      vertex -0.487725 -2.45196 0
      vertex -0.522104 -3.96578 0
    endloop
  endfacet
  facet normal -0 0 -1
    outer loop
      vertex -0.487725 -2.45196 0
      vertex -0.780361 -3.92314 0
      vertex -0.647047 -2.41481 0
    endloop
  endfacet
  facet normal 0 0 -1
    outer loop
      vertex -1.03528 -3.8637 0
      vertex -0.647047 -2.41481 0
      vertex -0.780361 -3.92314 0
    endloop
  endfacet
  facet normal -0 0 -1
    outer loop
      vertex -0.647047 -2.41481 0
      vertex -1.03528 -3.8637 0
      vertex -0.803598 -2.36732 0
    endloop
  endfacet
  facet normal 0 0 -1
    outer loop
      vertex -1.28576 -3.78772 0
      vertex -0.803598 -2.36732 0
      vertex -1.03528 -3.8637 0
    endloop
  endfacet
  facet normal -0 0 -1
    outer loop
      vertex -0.803598 -2.36732 0
      vertex -1.28576 -3.78772 0
      vertex -0.956708 -2.3097 0
    endloop
  endfacet
  facet normal 0 0 -1
    outer loop
      vertex -1.53073 -3.69552 0
      vertex -0.956708 -2.3097 0
      vertex -1.28576 -3.78772 0
    endloop
  endfacet
  facet normal -0 0 -1
    outer loop
      vertex -0.956708 -2.3097 0
      vertex -1.53073 -3.69552 0
      vertex -1.10572 -2.24218 0
    endloop
  endfacet
  facet normal 0 0 -1
    outer loop
      vertex -1.76915 -3.58749 0
      vertex -1.10572 -2.24218 0
      vertex -1.53073 -3.69552 0
    endloop
  endfacet
  facet normal -0 0 -1
    outer loop
      vertex -1.10572 -2.24218 0
      vertex -1.76915 -3.58749 0
      vertex -1.25 -2.16506 0
    endloop
  endfacet
  facet normal 0 0 -1
    outer loop
      vertex -2 -3.4641 0
      vertex -1.25 -2.16506 0
      vertex -1.76915 -3.58749 0
    endloop
  endfacet
  facet normal -0 0 -1
    outer loop
      vertex -1.25 -2.16506 0
      vertex -2 -3.4641 0
      vertex -1.38893 -2.07867 0
    endloop
  endfacet
  facet normal 0 0 -1
    outer loop
      vertex -2.22228 -3.32588 0
      vertex -1.38893 -2.07867 0
      vertex -2 -3.4641 0
    endloop
  endfacet
  facet normal -0 0 -1
    outer loop
      vertex -1.38893 -2.07867 0
      vertex -2.22228 -3.32588 0
      vertex -1.5219 -1.98338 0
    endloop
  endfacet
  facet normal 0 0 -1
    outer loop
      vertex -2.43505 -3.17341 0
      vertex -1.5219 -1.98338 0
      vertex -2.22228 -3.32588 0
    endloop
  endfacet
  facet normal -0 0 -1
    outer loop
      vertex -1.5219 -1.98338 0
      vertex -2.43505 -3.17341 0
      vertex -1.64836 -1.8796 0
    endloop
  endfacet
  facet normal 0 0 -1
    outer loop
      vertex -2.63738 -3.00736 0
      vertex -1.64836 -1.8796 0
      vertex -2.43505 -3.17341 0
    endloop
  endfacet
  facet normal -0 0 -1
    outer loop
      vertex -1.64836 -1.8796 0
      vertex -2.63738 -3.00736 0
      vertex -1.76777 -1.76777 0
    endloop
  endfacet
  facet normal 0 0 -1
    outer loop
      vertex -2.82843 -2.82843 0
      vertex -1.76777 -1.76777 0
      vertex -2.63738 -3.00736 0
    endloop
  endfacet
  facet normal -0 0 -1
    outer loop
      vertex -1.76777 -1.76777 0
      vertex -2.82843 -2.82843 0
      vertex -1.8796 -1.64836 0
    endloop
  endfacet
  facet normal 0 0 -1
    outer loop
      vertex -3.00736 -2.63738 0
      vertex -1.8796 -1.64836 0
      vertex -2.82843 -2.82843 0
    endloop
  endfacet
  facet normal -0 0 -1
    outer loop
      vertex -1.8796 -1.64836 0
      vertex -3.00736 -2.63738 0
      vertex -1.98338 -1.5219 0
    endloop
  endfacet
  facet normal 0 0 -1
    outer loop
      vertex -3.17341 -2.43505 0
      vertex -1.98338 -1.5219 0
      vertex -3.00736 -2.63738 0
    endloop
  endfacet
  facet normal -0 0 -1
    outer loop
      vertex -1.98338 -1.5219 0
      vertex -3.17341 -2.43505 0
      vertex -2.07867 -1.38893 0
    endloop
  endfacet
  facet normal 0 0 -1
    outer loop
      vertex -3.32588 -2.22228 0
      vertex -2.07867 -1.38893 0
      vertex -3.17341 -2.43505 0
    endloop
  endfacet
  facet normal -0 0 -1
    outer loop
      vertex -2.07867 -1.38893 0
      vertex -3.32588 -2.22228 0
      vertex -2.16506 -1.25 0
    endloop
  endfacet
  facet normal 0 0 -1
    outer loop
      vertex -3.4641 -2 0
      vertex -2.16506 -1.25 0
      vertex -3.32588 -2.22228 0
    endloop
  endfacet
  facet normal -0 0 -1
    outer loop
      vertex -2.16506 -1.25 0
      vertex -3.4641 -2 0
      vertex -2.24218 -1.10572 0
    endloop
  endfacet
  facet normal 0 0 -1
    outer loop
      vertex -3.58749 -1.76915 0
      vertex -2.24218 -1.10572 0
      vertex -3.4641 -2 0
    endloop
  endfacet
  facet normal -0 0 -1
    outer loop
      vertex -2.24218 -1.10572 0
      vertex -3.58749 -1.76915 0
      vertex -2.3097 -0.956708 0
    endloop
  endfacet
  facet normal 0 0 -1
    outer loop
      vertex 2.24218 1.10572 0
      vertex 3.58749 1.76915 0
      vertex 2.3097 0.956708 0
    endloop
  endfacet
  facet normal -0 0 -1
    outer loop
      vertex 3.58749 1.76915 0
      vertex 2.24218 1.10572 0
      vertex 3.4641 2 0
    endloop
  endfacet
  facet normal 0 0 -1
    outer loop
      vertex 2.16506 1.25 0
      vertex 3.4641 2 0
      vertex 2.24218 1.10572 0
    endloop
  endfacet
  facet normal -0 0 -1
    outer loop
      vertex 3.4641 2 0
      vertex 2.16506 1.25 0
      vertex 3.32588 2.22228 0
    endloop
  endfacet
  facet normal 0 0 -1
    outer loop
      vertex 2.07867 1.38893 0
      vertex 3.32588 2.22228 0
      vertex 2.16506 1.25 0
    endloop
  endfacet
  facet normal -0 0 -1
    outer loop
      vertex 3.32588 2.22228 0
      vertex 2.07867 1.38893 0
      vertex 3.17341 2.43505 0
    endloop
  endfacet
  facet normal 0 0 -1
    outer loop
      vertex 1.98338 1.5219 0
      vertex 3.17341 2.43505 0
      vertex 2.07867 1.38893 0
    endloop
  endfacet
  facet normal -0 0 -1
    outer loop
      vertex 3.17341 2.43505 0
      vertex 1.98338 1.5219 0
      vertex 3.00736 2.63738 0
    endloop
  endfacet
  facet normal 0 0 -1
    outer loop
      vertex 1.8796 1.64836 0
      vertex 3.00736 2.63738 0
      vertex 1.98338 1.5219 0
    endloop
  endfacet
  facet normal -0 0 -1
    outer loop
      vertex 3.00736 2.63738 0
      vertex 1.8796 1.64836 0
      vertex 2.82843 2.82843 0
    endloop
  endfacet
  facet normal 0 0 -1
    outer loop
      vertex 1.76777 1.76777 0
      vertex 2.82843 2.82843 0
      vertex 1.8796 1.64836 0
    endloop
  endfacet
  facet normal -0 0 -1
    outer loop
      vertex 2.82843 2.82843 0
      vertex 1.76777 1.76777 0
      vertex 2.63738 3.00736 0
    endloop
  endfacet
  facet normal 0 0 -1
    outer loop
      vertex 1.64836 1.8796 0
      vertex 2.63738 3.00736 0
      vertex 1.76777 1.76777 0
    endloop
  endfacet
  facet normal -0 0 -1
    outer loop
      vertex 2.63738 3.00736 0
      vertex 1.64836 1.8796 0
      vertex 2.43505 3.17341 0
    endloop
  endfacet
  facet normal 0 0 -1
    outer loop
      vertex 1.5219 1.98338 0
      vertex 2.43505 3.17341 0
      vertex 1.64836 1.8796 0
    endloop
  endfacet
  facet normal -0 0 -1
    outer loop
      vertex 2.43505 3.17341 0
      vertex 1.5219 1.98338 0
      vertex 2.22228 3.32588 0
    endloop
  endfacet
  facet normal 0 0 -1
    outer loop
      vertex 1.38893 2.07867 0
      vertex 2.22228 3.32588 0
      vertex 1.5219 1.98338 0
    endloop
  endfacet
  facet normal -0 0 -1
    outer loop
      vertex 2.22228 3.32588 0
      vertex 1.38893 2.07867 0
      vertex 2 3.4641 0
    endloop
  endfacet
  facet normal 0 0 -1
    outer loop
      vertex 1.25 2.16506 0
      vertex 2 3.4641 0
      vertex 1.38893 2.07867 0
    endloop
  endfacet
  facet normal -0 0 -1
    outer loop
      vertex 2 3.4641 0
      vertex 1.25 2.16506 0
      vertex 1.76915 3.58749 0
    endloop
  endfacet
  facet normal 0 0 -1
    outer loop
      vertex 1.10572 2.24218 0
      vertex 1.76915 3.58749 0
      vertex 1.25 2.16506 0
    endloop
  endfacet
  facet normal -0 0 -1
    outer loop
      vertex 1.76915 3.58749 0
      vertex 1.10572 2.24218 0
      vertex 1.53073 3.69552 0
    endloop
  endfacet
  facet normal 0 0 -1
    outer loop
      vertex 0.956708 2.3097 0
      vertex 1.53073 3.69552 0
      vertex 1.10572 2.24218 0
    endloop
  endfacet
  facet normal -0 0 -1
    outer loop
      vertex 1.53073 3.69552 0
      vertex 0.956708 2.3097 0
      vertex 1.28576 3.78772 0
    endloop
  endfacet
  facet normal 0 0 -1
    outer loop
      vertex 0.803598 2.36732 0
      vertex 1.28576 3.78772 0
      vertex 0.956708 2.3097 0
    endloop
  endfacet
  facet normal -0 0 -1
    outer loop
      vertex 1.28576 3.78772 0
      vertex 0.803598 2.36732 0
      vertex 1.03528 3.8637 0
    endloop
  endfacet
  facet normal 0 0 -1
    outer loop
      vertex 0.647047 2.41481 0
      vertex 1.03528 3.8637 0
      vertex 0.803598 2.36732 0
    endloop
  endfacet
  facet normal -0 0 -1
    outer loop
      vertex 1.03528 3.8637 0
      vertex 0.647047 2.41481 0
      vertex 0.780361 3.92314 0
    endloop
  endfacet
  facet normal 0 0 -1
    outer loop
      vertex 0.487725 2.45196 0
      vertex 0.780361 3.92314 0
      vertex 0.647047 2.41481 0
    endloop
  endfacet
  facet normal -0 0 -1
    outer loop
      vertex 0.780361 3.92314 0
      vertex 0.487725 2.45196 0
      vertex 0.522104 3.96578 0
    endloop
  endfacet
  facet normal 0 0 -1
    outer loop
      vertex 0.326315 2.47861 0
      vertex 0.522104 3.96578 0
      vertex 0.487725 2.45196 0
    endloop
  endfacet
  facet normal 0 0 -1
    outer loop
      vertex 0.326315 2.47861 0
      vertex 0.261612 3.99144 0
      vertex 0.522104 3.96578 0
    endloop
  endfacet
  facet normal 0 0 -1
    outer loop
      vertex 0.163507 2.49465 0
      vertex 0.261612 3.99144 0
      vertex 0.326315 2.47861 0
    endloop
  endfacet
  facet normal 0 0 -1
    outer loop
      vertex 0 2.5 0
      vertex 0.261612 3.99144 0
      vertex 0.163507 2.49465 0
    endloop
  endfacet
  facet normal 0 0 -1
    outer loop
      vertex 0 2.5 0
      vertex 0 4 0
      vertex 0.261612 3.99144 0
    endloop
  endfacet
  facet normal 0 0 -1
    outer loop
      vertex -0.163507 2.49465 0
      vertex 0 4 0
      vertex 0 2.5 0
    endloop
  endfacet
  facet normal 0 0 -1
    outer loop
      vertex -0.163507 2.49465 0
      vertex -0.261612 3.99144 0
      vertex 0 4 0
    endloop
  endfacet
  facet normal 0 0 -1
    outer loop
      vertex -0.326315 2.47861 0
      vertex -0.261612 3.99144 0
      vertex -0.163507 2.49465 0
    endloop
  endfacet
  facet normal 0 0 -1
    outer loop
      vertex -0.522104 3.96578 0
      vertex -0.326315 2.47861 0
      vertex -0.487725 2.45196 0
    endloop
  endfacet
  facet normal 0 0 -1
    outer loop
      vertex -0.326315 2.47861 0
      vertex -0.522104 3.96578 0
      vertex -0.261612 3.99144 0
    endloop
  endfacet
  facet normal 0 0 -1
    outer loop
      vertex -0.780361 3.92314 0
      vertex -0.487725 2.45196 0
      vertex -0.647047 2.41481 0
    endloop
  endfacet
  facet normal 0 0 -1
    outer loop
      vertex -0.487725 2.45196 0
      vertex -0.780361 3.92314 0
      vertex -0.522104 3.96578 0
    endloop
  endfacet
  facet normal 0 0 -1
    outer loop
      vertex -1.03528 3.8637 0
      vertex -0.647047 2.41481 0
      vertex -0.803598 2.36732 0
    endloop
  endfacet
  facet normal 0 0 -1
    outer loop
      vertex -1.28576 3.78772 0
      vertex -0.803598 2.36732 0
      vertex -0.956708 2.3097 0
    endloop
  endfacet
  facet normal 0 0 -1
    outer loop
      vertex -0.647047 2.41481 0
      vertex -1.03528 3.8637 0
      vertex -0.780361 3.92314 0
    endloop
  endfacet
  facet normal 0 0 -1
    outer loop
      vertex -1.53073 3.69552 0
      vertex -0.956708 2.3097 0
      vertex -1.10572 2.24218 0
    endloop
  endfacet
  facet normal 0 0 -1
    outer loop
      vertex -1.76915 3.58749 0
      vertex -1.10572 2.24218 0
      vertex -1.25 2.16506 0
    endloop
  endfacet
  facet normal 0 0 -1
    outer loop
      vertex -0.803598 2.36732 0
      vertex -1.28576 3.78772 0
      vertex -1.03528 3.8637 0
    endloop
  endfacet
  facet normal 0 0 -1
    outer loop
      vertex -2 3.4641 0
      vertex -1.25 2.16506 0
      vertex -1.38893 2.07867 0
    endloop
  endfacet
  facet normal 0 0 -1
    outer loop
      vertex -2.22228 3.32588 0
      vertex -1.38893 2.07867 0
      vertex -1.5219 1.98338 0
    endloop
  endfacet
  facet normal 0 0 -1
    outer loop
      vertex -0.956708 2.3097 0
      vertex -1.53073 3.69552 0
      vertex -1.28576 3.78772 0
    endloop
  endfacet
  facet normal 0 0 -1
    outer loop
      vertex -2.43505 3.17341 0
      vertex -1.5219 1.98338 0
      vertex -1.64836 1.8796 0
    endloop
  endfacet
  facet normal 0 0 -1
    outer loop
      vertex -2.63738 3.00736 0
      vertex -1.64836 1.8796 0
      vertex -1.76777 1.76777 0
    endloop
  endfacet
  facet normal 0 0 -1
    outer loop
      vertex -1.10572 2.24218 0
      vertex -1.76915 3.58749 0
      vertex -1.53073 3.69552 0
    endloop
  endfacet
  facet normal 0 0 -1
    outer loop
      vertex -2.82843 2.82843 0
      vertex -1.76777 1.76777 0
      vertex -1.8796 1.64836 0
    endloop
  endfacet
  facet normal 0 0 -1
    outer loop
      vertex -3.00736 2.63738 0
      vertex -1.8796 1.64836 0
      vertex -1.98338 1.5219 0
    endloop
  endfacet
  facet normal 0 0 -1
    outer loop
      vertex -1.25 2.16506 0
      vertex -2 3.4641 0
      vertex -1.76915 3.58749 0
    endloop
  endfacet
  facet normal 0 0 -1
    outer loop
      vertex -3.17341 2.43505 0
      vertex -1.98338 1.5219 0
      vertex -2.07867 1.38893 0
    endloop
  endfacet
  facet normal 0 0 -1
    outer loop
      vertex -3.32588 2.22228 0
      vertex -2.07867 1.38893 0
      vertex -2.16506 1.25 0
    endloop
  endfacet
  facet normal 0 0 -1
    outer loop
      vertex -1.38893 2.07867 0
      vertex -2.22228 3.32588 0
      vertex -2 3.4641 0
    endloop
  endfacet
  facet normal 0 0 -1
    outer loop
      vertex -3.4641 2 0
      vertex -2.16506 1.25 0
      vertex -2.24218 1.10572 0
    endloop
  endfacet
  facet normal 0 0 -1
    outer loop
      vertex -3.58749 1.76915 0
      vertex -2.24218 1.10572 0
      vertex -2.3097 0.956708 0
    endloop
  endfacet
  facet normal 0 0 -1
    outer loop
      vertex -3.69552 1.53073 0
      vertex -2.3097 0.956708 0
      vertex -2.36732 0.803598 0
    endloop
  endfacet
  facet normal 0 0 -1
    outer loop
      vertex -3.78772 1.28576 0
      vertex -2.36732 0.803598 0
      vertex -2.41481 0.647047 0
    endloop
  endfacet
  facet normal 0 0 -1
    outer loop
      vertex -1.5219 1.98338 0
      vertex -2.43505 3.17341 0
      vertex -2.22228 3.32588 0
    endloop
  endfacet
  facet normal 0 0 -1
    outer loop
      vertex -3.8637 1.03528 0
      vertex -2.41481 0.647047 0
      vertex -2.45196 0.487725 0
    endloop
  endfacet
  facet normal 0 0 -1
    outer loop
      vertex -3.92314 0.780361 0
      vertex -2.45196 0.487725 0
      vertex -2.47861 0.326315 0
    endloop
  endfacet
  facet normal 0 0 -1
    outer loop
      vertex -3.96578 0.522104 0
      vertex -2.47861 0.326315 0
      vertex -2.49465 0.163507 0
    endloop
  endfacet
  facet normal 0 0 -1
    outer loop
      vertex -3.99144 0.261612 0
      vertex -2.49465 0.163507 0
      vertex -2.5 0 0
    endloop
  endfacet
  facet normal 0 0 -1
    outer loop
      vertex -3.69552 -1.53073 0
      vertex -2.3097 -0.956708 0
      vertex -3.58749 -1.76915 0
    endloop
  endfacet
  facet normal 0 0 -1
    outer loop
      vertex -1.64836 1.8796 0
      vertex -2.63738 3.00736 0
      vertex -2.43505 3.17341 0
    endloop
  endfacet
  facet normal -0 0 -1
    outer loop
      vertex -2.3097 -0.956708 0
      vertex -3.69552 -1.53073 0
      vertex -2.36732 -0.803598 0
    endloop
  endfacet
  facet normal 0 0 -1
    outer loop
      vertex -1.76777 1.76777 0
      vertex -2.82843 2.82843 0
      vertex -2.63738 3.00736 0
    endloop
  endfacet
  facet normal 0 0 -1
    outer loop
      vertex -3.78772 -1.28576 0
      vertex -2.36732 -0.803598 0
      vertex -3.69552 -1.53073 0
    endloop
  endfacet
  facet normal 0 0 -1
    outer loop
      vertex -1.8796 1.64836 0
      vertex -3.00736 2.63738 0
      vertex -2.82843 2.82843 0
    endloop
  endfacet
  facet normal -0 0 -1
    outer loop
      vertex -2.36732 -0.803598 0
      vertex -3.78772 -1.28576 0
      vertex -2.41481 -0.647047 0
    endloop
  endfacet
  facet normal 0 0 -1
    outer loop
      vertex -1.98338 1.5219 0
      vertex -3.17341 2.43505 0
      vertex -3.00736 2.63738 0
    endloop
  endfacet
  facet normal 0 0 -1
    outer loop
      vertex -3.8637 -1.03528 0
      vertex -2.41481 -0.647047 0
      vertex -3.78772 -1.28576 0
    endloop
  endfacet
  facet normal 0 0 -1
    outer loop
      vertex -2.07867 1.38893 0
      vertex -3.32588 2.22228 0
      vertex -3.17341 2.43505 0
    endloop
  endfacet
  facet normal -0 0 -1
    outer loop
      vertex -2.41481 -0.647047 0
      vertex -3.8637 -1.03528 0
      vertex -2.45196 -0.487725 0
    endloop
  endfacet
  facet normal 0 0 -1
    outer loop
      vertex -2.16506 1.25 0
      vertex -3.4641 2 0
      vertex -3.32588 2.22228 0
    endloop
  endfacet
  facet normal 0 0 -1
    outer loop
      vertex -3.92314 -0.780361 0
      vertex -2.45196 -0.487725 0
      vertex -3.8637 -1.03528 0
    endloop
  endfacet
  facet normal 0 0 -1
    outer loop
      vertex -2.24218 1.10572 0
      vertex -3.58749 1.76915 0
      vertex -3.4641 2 0
    endloop
  endfacet
  facet normal -0 0 -1
    outer loop
      vertex -2.45196 -0.487725 0
      vertex -3.92314 -0.780361 0
      vertex -2.47861 -0.326315 0
    endloop
  endfacet
  facet normal 0 0 -1
    outer loop
      vertex -2.3097 0.956708 0
      vertex -3.69552 1.53073 0
      vertex -3.58749 1.76915 0
    endloop
  endfacet
  facet normal 0 0 -1
    outer loop
      vertex -3.96578 -0.522104 0
      vertex -2.47861 -0.326315 0
      vertex -3.92314 -0.780361 0
    endloop
  endfacet
  facet normal 0 0 -1
    outer loop
      vertex -2.36732 0.803598 0
      vertex -3.78772 1.28576 0
      vertex -3.69552 1.53073 0
    endloop
  endfacet
  facet normal -0 0 -1
    outer loop
      vertex -2.47861 -0.326315 0
      vertex -3.96578 -0.522104 0
      vertex -2.49465 -0.163507 0
    endloop
  endfacet
  facet normal 0 0 -1
    outer loop
      vertex -2.41481 0.647047 0
      vertex -3.8637 1.03528 0
      vertex -3.78772 1.28576 0
    endloop
  endfacet
  facet normal 0 0 -1
    outer loop
      vertex -3.99144 -0.261612 0
      vertex -2.49465 -0.163507 0
      vertex -3.96578 -0.522104 0
    endloop
  endfacet
  facet normal 0 0 -1
    outer loop
      vertex -2.45196 0.487725 0
      vertex -3.92314 0.780361 0
      vertex -3.8637 1.03528 0
    endloop
  endfacet
  facet normal -0 0 -1
    outer loop
      vertex -2.49465 -0.163507 0
      vertex -3.99144 -0.261612 0
      vertex -2.5 0 0
    endloop
  endfacet
  facet normal 0 0 -1
    outer loop
      vertex -2.47861 0.326315 0
      vertex -3.96578 0.522104 0
      vertex -3.92314 0.780361 0
    endloop
  endfacet
  facet normal 0 0 -1
    outer loop
      vertex -4 0 0
      vertex -2.5 0 0
      vertex -3.99144 -0.261612 0
    endloop
  endfacet
  facet normal 0 0 -1
    outer loop
      vertex -2.49465 0.163507 0
      vertex -3.99144 0.261612 0
      vertex -3.96578 0.522104 0
    endloop
  endfacet
  facet normal 0 0 -1
    outer loop
      vertex -2.5 0 0
      vertex -4 0 0
      vertex -3.99144 0.261612 0
    endloop
  endfacet
  facet normal 0.986642 0.162901 0
    outer loop
      vertex 3.96578 0.522104 40
      vertex 3.92314 0.780361 0
      vertex 3.92314 0.780361 40
    endloop
  endfacet
  facet normal 0.986642 0.162901 0
    outer loop
      vertex 3.92314 0.780361 0
      vertex 3.96578 0.522104 40
      vertex 3.96578 0.522104 0
    endloop
  endfacet
  facet normal 0.935906 0.352249 0
    outer loop
      vertex 3.78772 1.28576 40
      vertex 3.69552 1.53073 0
      vertex 3.69552 1.53073 40
    endloop
  endfacet
  facet normal 0.935906 0.352249 0
    outer loop
      vertex 3.69552 1.53073 0
      vertex 3.78772 1.28576 40
      vertex 3.78772 1.28576 0
    endloop
  endfacet
  facet normal 0.956943 0.290277 0
    outer loop
      vertex 3.8637 1.03528 40
      vertex 3.78772 1.28576 0
      vertex 3.78772 1.28576 40
    endloop
  endfacet
  facet normal 0.956943 0.290277 0
    outer loop
      vertex 3.78772 1.28576 0
      vertex 3.8637 1.03528 40
      vertex 3.8637 1.03528 0
    endloop
  endfacet
  facet normal 0.773007 0.634398 0
    outer loop
      vertex 3.17341 2.43505 40
      vertex 3.00736 2.63738 0
      vertex 3.00736 2.63738 40
    endloop
  endfacet
  facet normal 0.773007 0.634398 0
    outer loop
      vertex 3.00736 2.63738 0
      vertex 3.17341 2.43505 40
      vertex 3.17341 2.43505 0
    endloop
  endfacet
  facet normal 0.729879 0.683576 0
    outer loop
      vertex 3.00736 2.63738 40
      vertex 2.82843 2.82843 0
      vertex 2.82843 2.82843 40
    endloop
  endfacet
  facet normal 0.729879 0.683576 0
    outer loop
      vertex 2.82843 2.82843 0
      vertex 3.00736 2.63738 40
      vertex 3.00736 2.63738 0
    endloop
  endfacet
  facet normal 0.849207 0.528061 0
    outer loop
      vertex 3.4641 2 40
      vertex 3.32588 2.22228 0
      vertex 3.32588 2.22228 40
    endloop
  endfacet
  facet normal 0.849207 0.528061 0
    outer loop
      vertex 3.32588 2.22228 0
      vertex 3.4641 2 40
      vertex 3.4641 2 0
    endloop
  endfacet
  facet normal 0.290277 0.956943 -0
    outer loop
      vertex 1.28576 3.78772 0
      vertex 1.03528 3.8637 40
      vertex 1.28576 3.78772 40
    endloop
  endfacet
  facet normal 0.290277 0.956943 0
    outer loop
      vertex 1.03528 3.8637 40
      vertex 1.28576 3.78772 0
      vertex 1.03528 3.8637 0
    endloop
  endfacet
  facet normal 0.352249 0.935906 -0
    outer loop
      vertex 1.53073 3.69552 0
      vertex 1.28576 3.78772 40
      vertex 1.53073 3.69552 40
    endloop
  endfacet
  facet normal 0.352249 0.935906 0
    outer loop
      vertex 1.28576 3.78772 40
      vertex 1.53073 3.69552 0
      vertex 1.28576 3.78772 0
    endloop
  endfacet
  facet normal 0.0980314 0.995183 -0
    outer loop
      vertex 0.522104 3.96578 0
      vertex 0.261612 3.99144 40
      vertex 0.522104 3.96578 40
    endloop
  endfacet
  facet normal 0.0980314 0.995183 0
    outer loop
      vertex 0.261612 3.99144 40
      vertex 0.522104 3.96578 0
      vertex 0.261612 3.99144 0
    endloop
  endfacet
  facet normal 0.471391 0.881924 -0
    outer loop
      vertex 2 3.4641 0
      vertex 1.76915 3.58749 40
      vertex 2 3.4641 40
    endloop
  endfacet
  facet normal 0.471391 0.881924 0
    outer loop
      vertex 1.76915 3.58749 40
      vertex 2 3.4641 0
      vertex 1.76915 3.58749 0
    endloop
  endfacet
  facet normal -0.773007 0.634398 0
    outer loop
      vertex -3.17341 2.43505 0
      vertex -3.00736 2.63738 40
      vertex -3.00736 2.63738 0
    endloop
  endfacet
  facet normal -0.773007 0.634398 0
    outer loop
      vertex -3.00736 2.63738 40
      vertex -3.17341 2.43505 0
      vertex -3.17341 2.43505 40
    endloop
  endfacet
  facet normal -0.729879 0.683576 0
    outer loop
      vertex -3.00736 2.63738 0
      vertex -2.82843 2.82843 40
      vertex -2.82843 2.82843 0
    endloop
  endfacet
  facet normal -0.729879 0.683576 0
    outer loop
      vertex -2.82843 2.82843 40
      vertex -3.00736 2.63738 0
      vertex -3.00736 2.63738 40
    endloop
  endfacet
  facet normal -0.881924 0.471391 0
    outer loop
      vertex -3.58749 1.76915 0
      vertex -3.4641 2 40
      vertex -3.4641 2 0
    endloop
  endfacet
  facet normal -0.881924 0.471391 0
    outer loop
      vertex -3.4641 2 40
      vertex -3.58749 1.76915 0
      vertex -3.58749 1.76915 40
    endloop
  endfacet
  facet normal -0.956943 0.290277 0
    outer loop
      vertex -3.8637 1.03528 0
      vertex -3.78772 1.28576 40
      vertex -3.78772 1.28576 0
    endloop
  endfacet
  facet normal -0.956943 0.290277 0
    outer loop
      vertex -3.78772 1.28576 40
      vertex -3.8637 1.03528 0
      vertex -3.8637 1.03528 40
    endloop
  endfacet
  facet normal -0.935906 0.352249 0
    outer loop
      vertex -3.78772 1.28576 0
      vertex -3.69552 1.53073 40
      vertex -3.69552 1.53073 0
    endloop
  endfacet
  facet normal -0.935906 0.352249 0
    outer loop
      vertex -3.69552 1.53073 40
      vertex -3.78772 1.28576 0
      vertex -3.78772 1.28576 40
    endloop
  endfacet
  facet normal -0.995183 0.0980314 0
    outer loop
      vertex -3.99144 0.261612 0
      vertex -3.96578 0.522104 40
      vertex -3.96578 0.522104 0
    endloop
  endfacet
  facet normal -0.995183 0.0980314 0
    outer loop
      vertex -3.96578 0.522104 40
      vertex -3.99144 0.261612 0
      vertex -3.99144 0.261612 40
    endloop
  endfacet
  facet normal 0 0 1
    outer loop
      vertex 2.5 0 40
      vertex 4 0 40
      vertex 3.99144 0.261612 40
    endloop
  endfacet
  facet normal 0 0 1
    outer loop
      vertex 2.49465 0.163507 40
      vertex 3.99144 0.261612 40
      vertex 3.96578 0.522104 40
    endloop
  endfacet
  facet normal 0 0 1
    outer loop
      vertex 4 0 40
      vertex 2.5 0 40
      vertex 3.99144 -0.261612 40
    endloop
  endfacet
  facet normal 0 0 1
    outer loop
      vertex 2.47861 0.326315 40
      vertex 3.96578 0.522104 40
      vertex 3.92314 0.780361 40
    endloop
  endfacet
  facet normal -0 0 1
    outer loop
      vertex 2.49465 -0.163507 40
      vertex 3.99144 -0.261612 40
      vertex 2.5 0 40
    endloop
  endfacet
  facet normal 0 0 1
    outer loop
      vertex 2.45196 0.487725 40
      vertex 3.92314 0.780361 40
      vertex 3.8637 1.03528 40
    endloop
  endfacet
  facet normal 0 0 1
    outer loop
      vertex 3.99144 -0.261612 40
      vertex 2.49465 -0.163507 40
      vertex 3.96578 -0.522104 40
    endloop
  endfacet
  facet normal 0 0 1
    outer loop
      vertex 2.41481 0.647047 40
      vertex 3.8637 1.03528 40
      vertex 3.78772 1.28576 40
    endloop
  endfacet
  facet normal -0 0 1
    outer loop
      vertex 2.47861 -0.326315 40
      vertex 3.96578 -0.522104 40
      vertex 2.49465 -0.163507 40
    endloop
  endfacet
  facet normal 0 0 1
    outer loop
      vertex 2.36732 0.803598 40
      vertex 3.78772 1.28576 40
      vertex 3.69552 1.53073 40
    endloop
  endfacet
  facet normal 0 0 1
    outer loop
      vertex 3.96578 -0.522104 40
      vertex 2.47861 -0.326315 40
      vertex 3.92314 -0.780361 40
    endloop
  endfacet
  facet normal 0 0 1
    outer loop
      vertex 2.3097 0.956708 40
      vertex 3.69552 1.53073 40
      vertex 3.58749 1.76915 40
    endloop
  endfacet
  facet normal -0 0 1
    outer loop
      vertex 2.45196 -0.487725 40
      vertex 3.92314 -0.780361 40
      vertex 2.47861 -0.326315 40
    endloop
  endfacet
  facet normal 0 0 1
    outer loop
      vertex 2.24218 1.10572 40
      vertex 3.58749 1.76915 40
      vertex 3.4641 2 40
    endloop
  endfacet
  facet normal 0 0 1
    outer loop
      vertex 3.92314 -0.780361 40
      vertex 2.45196 -0.487725 40
      vertex 3.8637 -1.03528 40
    endloop
  endfacet
  facet normal 0 0 1
    outer loop
      vertex 2.16506 1.25 40
      vertex 3.4641 2 40
      vertex 3.32588 2.22228 40
    endloop
  endfacet
  facet normal -0 0 1
    outer loop
      vertex 2.41481 -0.647047 40
      vertex 3.8637 -1.03528 40
      vertex 2.45196 -0.487725 40
    endloop
  endfacet
  facet normal 0 0 1
    outer loop
      vertex 2.07867 1.38893 40
      vertex 3.32588 2.22228 40
      vertex 3.17341 2.43505 40
    endloop
  endfacet
  facet normal 0 0 1
    outer loop
      vertex 3.8637 -1.03528 40
      vertex 2.41481 -0.647047 40
      vertex 3.78772 -1.28576 40
    endloop
  endfacet
  facet normal 0 0 1
    outer loop
      vertex 1.98338 1.5219 40
      vertex 3.17341 2.43505 40
      vertex 3.00736 2.63738 40
    endloop
  endfacet
  facet normal -0 0 1
    outer loop
      vertex 2.36732 -0.803598 40
      vertex 3.78772 -1.28576 40
      vertex 2.41481 -0.647047 40
    endloop
  endfacet
  facet normal 0 0 1
    outer loop
      vertex 1.8796 1.64836 40
      vertex 3.00736 2.63738 40
      vertex 2.82843 2.82843 40
    endloop
  endfacet
  facet normal 0 0 1
    outer loop
      vertex 3.78772 -1.28576 40
      vertex 2.36732 -0.803598 40
      vertex 3.69552 -1.53073 40
    endloop
  endfacet
  facet normal 0 0 1
    outer loop
      vertex 1.76777 1.76777 40
      vertex 2.82843 2.82843 40
      vertex 2.63738 3.00736 40
    endloop
  endfacet
  facet normal -0 0 1
    outer loop
      vertex 2.3097 -0.956708 40
      vertex 3.69552 -1.53073 40
      vertex 2.36732 -0.803598 40
    endloop
  endfacet
  facet normal 0 0 1
    outer loop
      vertex 3.69552 -1.53073 40
      vertex 2.3097 -0.956708 40
      vertex 3.58749 -1.76915 40
    endloop
  endfacet
  facet normal 0 0 1
    outer loop
      vertex 3.99144 0.261612 40
      vertex 2.49465 0.163507 40
      vertex 2.5 0 40
    endloop
  endfacet
  facet normal 0 0 1
    outer loop
      vertex 3.96578 0.522104 40
      vertex 2.47861 0.326315 40
      vertex 2.49465 0.163507 40
    endloop
  endfacet
  facet normal 0 0 1
    outer loop
      vertex 3.92314 0.780361 40
      vertex 2.45196 0.487725 40
      vertex 2.47861 0.326315 40
    endloop
  endfacet
  facet normal 0 0 1
    outer loop
      vertex 1.64836 1.8796 40
      vertex 2.63738 3.00736 40
      vertex 2.43505 3.17341 40
    endloop
  endfacet
  facet normal 0 0 1
    outer loop
      vertex 3.8637 1.03528 40
      vertex 2.41481 0.647047 40
      vertex 2.45196 0.487725 40
    endloop
  endfacet
  facet normal 0 0 1
    outer loop
      vertex 3.78772 1.28576 40
      vertex 2.36732 0.803598 40
      vertex 2.41481 0.647047 40
    endloop
  endfacet
  facet normal 0 0 1
    outer loop
      vertex 3.69552 1.53073 40
      vertex 2.3097 0.956708 40
      vertex 2.36732 0.803598 40
    endloop
  endfacet
  facet normal 0 0 1
    outer loop
      vertex 3.58749 1.76915 40
      vertex 2.24218 1.10572 40
      vertex 2.3097 0.956708 40
    endloop
  endfacet
  facet normal 0 0 1
    outer loop
      vertex 1.5219 1.98338 40
      vertex 2.43505 3.17341 40
      vertex 2.22228 3.32588 40
    endloop
  endfacet
  facet normal 0 0 1
    outer loop
      vertex 3.4641 2 40
      vertex 2.16506 1.25 40
      vertex 2.24218 1.10572 40
    endloop
  endfacet
  facet normal 0 0 1
    outer loop
      vertex 3.32588 2.22228 40
      vertex 2.07867 1.38893 40
      vertex 2.16506 1.25 40
    endloop
  endfacet
  facet normal 0 0 1
    outer loop
      vertex 1.38893 2.07867 40
      vertex 2.22228 3.32588 40
      vertex 2 3.4641 40
    endloop
  endfacet
  facet normal 0 0 1
    outer loop
      vertex 3.17341 2.43505 40
      vertex 1.98338 1.5219 40
      vertex 2.07867 1.38893 40
    endloop
  endfacet
  facet normal 0 0 1
    outer loop
      vertex 3.00736 2.63738 40
      vertex 1.8796 1.64836 40
      vertex 1.98338 1.5219 40
    endloop
  endfacet
  facet normal 0 0 1
    outer loop
      vertex 1.25 2.16506 40
      vertex 2 3.4641 40
      vertex 1.76915 3.58749 40
    endloop
  endfacet
  facet normal 0 0 1
    outer loop
      vertex 2.82843 2.82843 40
      vertex 1.76777 1.76777 40
      vertex 1.8796 1.64836 40
    endloop
  endfacet
  facet normal 0 0 1
    outer loop
      vertex 2.63738 3.00736 40
      vertex 1.64836 1.8796 40
      vertex 1.76777 1.76777 40
    endloop
  endfacet
  facet normal 0 0 1
    outer loop
      vertex 1.10572 2.24218 40
      vertex 1.76915 3.58749 40
      vertex 1.53073 3.69552 40
    endloop
  endfacet
  facet normal 0 0 1
    outer loop
      vertex 2.43505 3.17341 40
      vertex 1.5219 1.98338 40
      vertex 1.64836 1.8796 40
    endloop
  endfacet
  facet normal 0 0 1
    outer loop
      vertex 2.22228 3.32588 40
      vertex 1.38893 2.07867 40
      vertex 1.5219 1.98338 40
    endloop
  endfacet
  facet normal 0 0 1
    outer loop
      vertex 0.956708 2.3097 40
      vertex 1.53073 3.69552 40
      vertex 1.28576 3.78772 40
    endloop
  endfacet
  facet normal 0 0 1
    outer loop
      vertex 2 3.4641 40
      vertex 1.25 2.16506 40
      vertex 1.38893 2.07867 40
    endloop
  endfacet
  facet normal 0 0 1
    outer loop
      vertex 1.76915 3.58749 40
      vertex 1.10572 2.24218 40
      vertex 1.25 2.16506 40
    endloop
  endfacet
  facet normal 0 0 1
    outer loop
      vertex 0.803598 2.36732 40
      vertex 1.28576 3.78772 40
      vertex 1.03528 3.8637 40
    endloop
  endfacet
  facet normal 0 0 1
    outer loop
      vertex 1.53073 3.69552 40
      vertex 0.956708 2.3097 40
      vertex 1.10572 2.24218 40
    endloop
  endfacet
  facet normal 0 0 1
    outer loop
      vertex 1.28576 3.78772 40
      vertex 0.803598 2.36732 40
      vertex 0.956708 2.3097 40
    endloop
  endfacet
  facet normal 0 0 1
    outer loop
      vertex 0.647047 2.41481 40
      vertex 1.03528 3.8637 40
      vertex 0.780361 3.92314 40
    endloop
  endfacet
  facet normal 0 0 1
    outer loop
      vertex 1.03528 3.8637 40
      vertex 0.647047 2.41481 40
      vertex 0.803598 2.36732 40
    endloop
  endfacet
  facet normal 0 0 1
    outer loop
      vertex 0.487725 2.45196 40
      vertex 0.780361 3.92314 40
      vertex 0.522104 3.96578 40
    endloop
  endfacet
  facet normal 0 0 1
    outer loop
      vertex 0.780361 3.92314 40
      vertex 0.487725 2.45196 40
      vertex 0.647047 2.41481 40
    endloop
  endfacet
  facet normal 0 0 1
    outer loop
      vertex 0.522104 3.96578 40
      vertex 0.326315 2.47861 40
      vertex 0.487725 2.45196 40
    endloop
  endfacet
  facet normal 0 0 1
    outer loop
      vertex 0.261612 3.99144 40
      vertex 0.326315 2.47861 40
      vertex 0.522104 3.96578 40
    endloop
  endfacet
  facet normal 0 0 1
    outer loop
      vertex 0.261612 3.99144 40
      vertex 0.163507 2.49465 40
      vertex 0.326315 2.47861 40
    endloop
  endfacet
  facet normal 0 0 1
    outer loop
      vertex 0 4 40
      vertex 0.163507 2.49465 40
      vertex 0.261612 3.99144 40
    endloop
  endfacet
  facet normal 0 0 1
    outer loop
      vertex 0 4 40
      vertex 0 2.5 40
      vertex 0.163507 2.49465 40
    endloop
  endfacet
  facet normal 0 0 1
    outer loop
      vertex 0 4 40
      vertex -0.163507 2.49465 40
      vertex 0 2.5 40
    endloop
  endfacet
  facet normal -0 0 1
    outer loop
      vertex -0.261612 3.99144 40
      vertex -0.163507 2.49465 40
      vertex 0 4 40
    endloop
  endfacet
  facet normal 0 0 1
    outer loop
      vertex -0.261612 3.99144 40
      vertex -0.326315 2.47861 40
      vertex -0.163507 2.49465 40
    endloop
  endfacet
  facet normal -0 0 1
    outer loop
      vertex -0.522104 3.96578 40
      vertex -0.326315 2.47861 40
      vertex -0.261612 3.99144 40
    endloop
  endfacet
  facet normal 0 0 1
    outer loop
      vertex -0.326315 2.47861 40
      vertex -0.522104 3.96578 40
      vertex -0.487725 2.45196 40
    endloop
  endfacet
  facet normal -0 0 1
    outer loop
      vertex -0.780361 3.92314 40
      vertex -0.487725 2.45196 40
      vertex -0.522104 3.96578 40
    endloop
  endfacet
  facet normal 0 0 1
    outer loop
      vertex -0.487725 2.45196 40
      vertex -0.780361 3.92314 40
      vertex -0.647047 2.41481 40
    endloop
  endfacet
  facet normal -0 0 1
    outer loop
      vertex -1.03528 3.8637 40
      vertex -0.647047 2.41481 40
      vertex -0.780361 3.92314 40
    endloop
  endfacet
  facet normal 0 0 1
    outer loop
      vertex -0.647047 2.41481 40
      vertex -1.03528 3.8637 40
      vertex -0.803598 2.36732 40
    endloop
  endfacet
  facet normal -0 0 1
    outer loop
      vertex -1.28576 3.78772 40
      vertex -0.803598 2.36732 40
      vertex -1.03528 3.8637 40
    endloop
  endfacet
  facet normal 0 0 1
    outer loop
      vertex -0.803598 2.36732 40
      vertex -1.28576 3.78772 40
      vertex -0.956708 2.3097 40
    endloop
  endfacet
  facet normal -0 0 1
    outer loop
      vertex -1.53073 3.69552 40
      vertex -0.956708 2.3097 40
      vertex -1.28576 3.78772 40
    endloop
  endfacet
  facet normal 0 0 1
    outer loop
      vertex -0.956708 2.3097 40
      vertex -1.53073 3.69552 40
      vertex -1.10572 2.24218 40
    endloop
  endfacet
  facet normal -0 0 1
    outer loop
      vertex -1.76915 3.58749 40
      vertex -1.10572 2.24218 40
      vertex -1.53073 3.69552 40
    endloop
  endfacet
  facet normal 0 0 1
    outer loop
      vertex -1.10572 2.24218 40
      vertex -1.76915 3.58749 40
      vertex -1.25 2.16506 40
    endloop
  endfacet
  facet normal -0 0 1
    outer loop
      vertex -2 3.4641 40
      vertex -1.25 2.16506 40
      vertex -1.76915 3.58749 40
    endloop
  endfacet
  facet normal 0 0 1
    outer loop
      vertex -1.25 2.16506 40
      vertex -2 3.4641 40
      vertex -1.38893 2.07867 40
    endloop
  endfacet
  facet normal -0 0 1
    outer loop
      vertex -2.22228 3.32588 40
      vertex -1.38893 2.07867 40
      vertex -2 3.4641 40
    endloop
  endfacet
  facet normal 0 0 1
    outer loop
      vertex -1.38893 2.07867 40
      vertex -2.22228 3.32588 40
      vertex -1.5219 1.98338 40
    endloop
  endfacet
  facet normal -0 0 1
    outer loop
      vertex -2.43505 3.17341 40
      vertex -1.5219 1.98338 40
      vertex -2.22228 3.32588 40
    endloop
  endfacet
  facet normal 0 0 1
    outer loop
      vertex -1.5219 1.98338 40
      vertex -2.43505 3.17341 40
      vertex -1.64836 1.8796 40
    endloop
  endfacet
  facet normal -0 0 1
    outer loop
      vertex -2.63738 3.00736 40
      vertex -1.64836 1.8796 40
      vertex -2.43505 3.17341 40
    endloop
  endfacet
  facet normal 0 0 1
    outer loop
      vertex -1.64836 1.8796 40
      vertex -2.63738 3.00736 40
      vertex -1.76777 1.76777 40
    endloop
  endfacet
  facet normal -0 0 1
    outer loop
      vertex -2.82843 2.82843 40
      vertex -1.76777 1.76777 40
      vertex -2.63738 3.00736 40
    endloop
  endfacet
  facet normal 0 0 1
    outer loop
      vertex -1.76777 1.76777 40
      vertex -2.82843 2.82843 40
      vertex -1.8796 1.64836 40
    endloop
  endfacet
  facet normal -0 0 1
    outer loop
      vertex -3.00736 2.63738 40
      vertex -1.8796 1.64836 40
      vertex -2.82843 2.82843 40
    endloop
  endfacet
  facet normal 0 0 1
    outer loop
      vertex -1.8796 1.64836 40
      vertex -3.00736 2.63738 40
      vertex -1.98338 1.5219 40
    endloop
  endfacet
  facet normal -0 0 1
    outer loop
      vertex -3.17341 2.43505 40
      vertex -1.98338 1.5219 40
      vertex -3.00736 2.63738 40
    endloop
  endfacet
  facet normal 0 0 1
    outer loop
      vertex -1.98338 1.5219 40
      vertex -3.17341 2.43505 40
      vertex -2.07867 1.38893 40
    endloop
  endfacet
  facet normal -0 0 1
    outer loop
      vertex -3.32588 2.22228 40
      vertex -2.07867 1.38893 40
      vertex -3.17341 2.43505 40
    endloop
  endfacet
  facet normal 0 0 1
    outer loop
      vertex -2.07867 1.38893 40
      vertex -3.32588 2.22228 40
      vertex -2.16506 1.25 40
    endloop
  endfacet
  facet normal -0 0 1
    outer loop
      vertex -3.4641 2 40
      vertex -2.16506 1.25 40
      vertex -3.32588 2.22228 40
    endloop
  endfacet
  facet normal 0 0 1
    outer loop
      vertex -2.16506 1.25 40
      vertex -3.4641 2 40
      vertex -2.24218 1.10572 40
    endloop
  endfacet
  facet normal -0 0 1
    outer loop
      vertex -3.58749 1.76915 40
      vertex -2.24218 1.10572 40
      vertex -3.4641 2 40
    endloop
  endfacet
  facet normal 0 0 1
    outer loop
      vertex -2.24218 1.10572 40
      vertex -3.58749 1.76915 40
      vertex -2.3097 0.956708 40
    endloop
  endfacet
  facet normal -0 0 1
    outer loop
      vertex 2.24218 -1.10572 40
      vertex 3.58749 -1.76915 40
      vertex 2.3097 -0.956708 40
    endloop
  endfacet
  facet normal 0 0 1
    outer loop
      vertex 3.58749 -1.76915 40
      vertex 2.24218 -1.10572 40
      vertex 3.4641 -2 40
    endloop
  endfacet
  facet normal -0 0 1
    outer loop
      vertex 2.16506 -1.25 40
      vertex 3.4641 -2 40
      vertex 2.24218 -1.10572 40
    endloop
  endfacet
  facet normal 0 0 1
    outer loop
      vertex 3.4641 -2 40
      vertex 2.16506 -1.25 40
      vertex 3.32588 -2.22228 40
    endloop
  endfacet
  facet normal -0 0 1
    outer loop
      vertex 2.07867 -1.38893 40
      vertex 3.32588 -2.22228 40
      vertex 2.16506 -1.25 40
    endloop
  endfacet
  facet normal 0 0 1
    outer loop
      vertex 3.32588 -2.22228 40
      vertex 2.07867 -1.38893 40
      vertex 3.17341 -2.43505 40
    endloop
  endfacet
  facet normal -0 0 1
    outer loop
      vertex 1.98338 -1.5219 40
      vertex 3.17341 -2.43505 40
      vertex 2.07867 -1.38893 40
    endloop
  endfacet
  facet normal 0 0 1
    outer loop
      vertex 3.17341 -2.43505 40
      vertex 1.98338 -1.5219 40
      vertex 3.00736 -2.63738 40
    endloop
  endfacet
  facet normal -0 0 1
    outer loop
      vertex 1.8796 -1.64836 40
      vertex 3.00736 -2.63738 40
      vertex 1.98338 -1.5219 40
    endloop
  endfacet
  facet normal 0 0 1
    outer loop
      vertex 3.00736 -2.63738 40
      vertex 1.8796 -1.64836 40
      vertex 2.82843 -2.82843 40
    endloop
  endfacet
  facet normal -0 0 1
    outer loop
      vertex 1.76777 -1.76777 40
      vertex 2.82843 -2.82843 40
      vertex 1.8796 -1.64836 40
    endloop
  endfacet
  facet normal 0 0 1
    outer loop
      vertex 2.82843 -2.82843 40
      vertex 1.76777 -1.76777 40
      vertex 2.63738 -3.00736 40
    endloop
  endfacet
  facet normal -0 0 1
    outer loop
      vertex 1.64836 -1.8796 40
      vertex 2.63738 -3.00736 40
      vertex 1.76777 -1.76777 40
    endloop
  endfacet
  facet normal 0 0 1
    outer loop
      vertex 2.63738 -3.00736 40
      vertex 1.64836 -1.8796 40
      vertex 2.43505 -3.17341 40
    endloop
  endfacet
  facet normal -0 0 1
    outer loop
      vertex 1.5219 -1.98338 40
      vertex 2.43505 -3.17341 40
      vertex 1.64836 -1.8796 40
    endloop
  endfacet
  facet normal 0 0 1
    outer loop
      vertex 2.43505 -3.17341 40
      vertex 1.5219 -1.98338 40
      vertex 2.22228 -3.32588 40
    endloop
  endfacet
  facet normal -0 0 1
    outer loop
      vertex 1.38893 -2.07867 40
      vertex 2.22228 -3.32588 40
      vertex 1.5219 -1.98338 40
    endloop
  endfacet
  facet normal 0 0 1
    outer loop
      vertex 2.22228 -3.32588 40
      vertex 1.38893 -2.07867 40
      vertex 2 -3.4641 40
    endloop
  endfacet
  facet normal -0 0 1
    outer loop
      vertex 1.25 -2.16506 40
      vertex 2 -3.4641 40
      vertex 1.38893 -2.07867 40
    endloop
  endfacet
  facet normal 0 0 1
    outer loop
      vertex 2 -3.4641 40
      vertex 1.25 -2.16506 40
      vertex 1.76915 -3.58749 40
    endloop
  endfacet
  facet normal -0 0 1
    outer loop
      vertex 1.10572 -2.24218 40
      vertex 1.76915 -3.58749 40
      vertex 1.25 -2.16506 40
    endloop
  endfacet
  facet normal 0 0 1
    outer loop
      vertex 1.76915 -3.58749 40
      vertex 1.10572 -2.24218 40
      vertex 1.53073 -3.69552 40
    endloop
  endfacet
  facet normal -0 0 1
    outer loop
      vertex 0.956708 -2.3097 40
      vertex 1.53073 -3.69552 40
      vertex 1.10572 -2.24218 40
    endloop
  endfacet
  facet normal 0 0 1
    outer loop
      vertex 1.53073 -3.69552 40
      vertex 0.956708 -2.3097 40
      vertex 1.28576 -3.78772 40
    endloop
  endfacet
  facet normal -0 0 1
    outer loop
      vertex 0.803598 -2.36732 40
      vertex 1.28576 -3.78772 40
      vertex 0.956708 -2.3097 40
    endloop
  endfacet
  facet normal 0 0 1
    outer loop
      vertex 1.28576 -3.78772 40
      vertex 0.803598 -2.36732 40
      vertex 1.03528 -3.8637 40
    endloop
  endfacet
  facet normal -0 0 1
    outer loop
      vertex 0.647047 -2.41481 40
      vertex 1.03528 -3.8637 40
      vertex 0.803598 -2.36732 40
    endloop
  endfacet
  facet normal 0 0 1
    outer loop
      vertex 1.03528 -3.8637 40
      vertex 0.647047 -2.41481 40
      vertex 0.780361 -3.92314 40
    endloop
  endfacet
  facet normal -0 0 1
    outer loop
      vertex 0.487725 -2.45196 40
      vertex 0.780361 -3.92314 40
      vertex 0.647047 -2.41481 40
    endloop
  endfacet
  facet normal 0 0 1
    outer loop
      vertex 0.780361 -3.92314 40
      vertex 0.487725 -2.45196 40
      vertex 0.522104 -3.96578 40
    endloop
  endfacet
  facet normal -0 0 1
    outer loop
      vertex 0.326315 -2.47861 40
      vertex 0.522104 -3.96578 40
      vertex 0.487725 -2.45196 40
    endloop
  endfacet
  facet normal 0 0 1
    outer loop
      vertex 0.326315 -2.47861 40
      vertex 0.261612 -3.99144 40
      vertex 0.522104 -3.96578 40
    endloop
  endfacet
  facet normal -0 0 1
    outer loop
      vertex 0.163507 -2.49465 40
      vertex 0.261612 -3.99144 40
      vertex 0.326315 -2.47861 40
    endloop
  endfacet
  facet normal -0 0 1
    outer loop
      vertex 0 -2.5 40
      vertex 0.261612 -3.99144 40
      vertex 0.163507 -2.49465 40
    endloop
  endfacet
  facet normal 0 0 1
    outer loop
      vertex 0 -2.5 40
      vertex 0 -4 40
      vertex 0.261612 -3.99144 40
    endloop
  endfacet
  facet normal 0 0 1
    outer loop
      vertex -0.163507 -2.49465 40
      vertex 0 -4 40
      vertex 0 -2.5 40
    endloop
  endfacet
  facet normal 0 0 1
    outer loop
      vertex -0.163507 -2.49465 40
      vertex -0.261612 -3.99144 40
      vertex 0 -4 40
    endloop
  endfacet
  facet normal 0 0 1
    outer loop
      vertex -0.326315 -2.47861 40
      vertex -0.261612 -3.99144 40
      vertex -0.163507 -2.49465 40
    endloop
  endfacet
  facet normal 0 0 1
    outer loop
      vertex -0.522104 -3.96578 40
      vertex -0.326315 -2.47861 40
      vertex -0.487725 -2.45196 40
    endloop
  endfacet
  facet normal 0 0 1
    outer loop
      vertex -0.326315 -2.47861 40
      vertex -0.522104 -3.96578 40
      vertex -0.261612 -3.99144 40
    endloop
  endfacet
  facet normal 0 0 1
    outer loop
      vertex -0.780361 -3.92314 40
      vertex -0.487725 -2.45196 40
      vertex -0.647047 -2.41481 40
    endloop
  endfacet
  facet normal 0 0 1
    outer loop
      vertex -0.487725 -2.45196 40
      vertex -0.780361 -3.92314 40
      vertex -0.522104 -3.96578 40
    endloop
  endfacet
  facet normal 0 0 1
    outer loop
      vertex -1.03528 -3.8637 40
      vertex -0.647047 -2.41481 40
      vertex -0.803598 -2.36732 40
    endloop
  endfacet
  facet normal 0 0 1
    outer loop
      vertex -1.28576 -3.78772 40
      vertex -0.803598 -2.36732 40
      vertex -0.956708 -2.3097 40
    endloop
  endfacet
  facet normal 0 0 1
    outer loop
      vertex -0.647047 -2.41481 40
      vertex -1.03528 -3.8637 40
      vertex -0.780361 -3.92314 40
    endloop
  endfacet
  facet normal 0 0 1
    outer loop
      vertex -1.53073 -3.69552 40
      vertex -0.956708 -2.3097 40
      vertex -1.10572 -2.24218 40
    endloop
  endfacet
  facet normal 0 0 1
    outer loop
      vertex -1.76915 -3.58749 40
      vertex -1.10572 -2.24218 40
      vertex -1.25 -2.16506 40
    endloop
  endfacet
  facet normal 0 0 1
    outer loop
      vertex -0.803598 -2.36732 40
      vertex -1.28576 -3.78772 40
      vertex -1.03528 -3.8637 40
    endloop
  endfacet
  facet normal 0 0 1
    outer loop
      vertex -2 -3.4641 40
      vertex -1.25 -2.16506 40
      vertex -1.38893 -2.07867 40
    endloop
  endfacet
  facet normal 0 0 1
    outer loop
      vertex -2.22228 -3.32588 40
      vertex -1.38893 -2.07867 40
      vertex -1.5219 -1.98338 40
    endloop
  endfacet
  facet normal 0 0 1
    outer loop
      vertex -0.956708 -2.3097 40
      vertex -1.53073 -3.69552 40
      vertex -1.28576 -3.78772 40
    endloop
  endfacet
  facet normal 0 0 1
    outer loop
      vertex -2.43505 -3.17341 40
      vertex -1.5219 -1.98338 40
      vertex -1.64836 -1.8796 40
    endloop
  endfacet
  facet normal 0 0 1
    outer loop
      vertex -2.63738 -3.00736 40
      vertex -1.64836 -1.8796 40
      vertex -1.76777 -1.76777 40
    endloop
  endfacet
  facet normal 0 0 1
    outer loop
      vertex -1.10572 -2.24218 40
      vertex -1.76915 -3.58749 40
      vertex -1.53073 -3.69552 40
    endloop
  endfacet
  facet normal 0 0 1
    outer loop
      vertex -2.82843 -2.82843 40
      vertex -1.76777 -1.76777 40
      vertex -1.8796 -1.64836 40
    endloop
  endfacet
  facet normal 0 0 1
    outer loop
      vertex -3.00736 -2.63738 40
      vertex -1.8796 -1.64836 40
      vertex -1.98338 -1.5219 40
    endloop
  endfacet
  facet normal 0 0 1
    outer loop
      vertex -1.25 -2.16506 40
      vertex -2 -3.4641 40
      vertex -1.76915 -3.58749 40
    endloop
  endfacet
  facet normal 0 0 1
    outer loop
      vertex -3.17341 -2.43505 40
      vertex -1.98338 -1.5219 40
      vertex -2.07867 -1.38893 40
    endloop
  endfacet
  facet normal 0 0 1
    outer loop
      vertex -3.32588 -2.22228 40
      vertex -2.07867 -1.38893 40
      vertex -2.16506 -1.25 40
    endloop
  endfacet
  facet normal 0 0 1
    outer loop
      vertex -1.38893 -2.07867 40
      vertex -2.22228 -3.32588 40
      vertex -2 -3.4641 40
    endloop
  endfacet
  facet normal 0 0 1
    outer loop
      vertex -3.4641 -2 40
      vertex -2.16506 -1.25 40
      vertex -2.24218 -1.10572 40
    endloop
  endfacet
  facet normal 0 0 1
    outer loop
      vertex -3.58749 -1.76915 40
      vertex -2.24218 -1.10572 40
      vertex -2.3097 -0.956708 40
    endloop
  endfacet
  facet normal 0 0 1
    outer loop
      vertex -3.69552 -1.53073 40
      vertex -2.3097 -0.956708 40
      vertex -2.36732 -0.803598 40
    endloop
  endfacet
  facet normal 0 0 1
    outer loop
      vertex -3.78772 -1.28576 40
      vertex -2.36732 -0.803598 40
      vertex -2.41481 -0.647047 40
    endloop
  endfacet
  facet normal 0 0 1
    outer loop
      vertex -1.5219 -1.98338 40
      vertex -2.43505 -3.17341 40
      vertex -2.22228 -3.32588 40
    endloop
  endfacet
  facet normal 0 0 1
    outer loop
      vertex -3.8637 -1.03528 40
      vertex -2.41481 -0.647047 40
      vertex -2.45196 -0.487725 40
    endloop
  endfacet
  facet normal 0 0 1
    outer loop
      vertex -3.92314 -0.780361 40
      vertex -2.45196 -0.487725 40
      vertex -2.47861 -0.326315 40
    endloop
  endfacet
  facet normal 0 0 1
    outer loop
      vertex -3.96578 -0.522104 40
      vertex -2.47861 -0.326315 40
      vertex -2.49465 -0.163507 40
    endloop
  endfacet
  facet normal 0 0 1
    outer loop
      vertex -3.99144 -0.261612 40
      vertex -2.49465 -0.163507 40
      vertex -2.5 0 40
    endloop
  endfacet
  facet normal -0 0 1
    outer loop
      vertex -3.69552 1.53073 40
      vertex -2.3097 0.956708 40
      vertex -3.58749 1.76915 40
    endloop
  endfacet
  facet normal 0 0 1
    outer loop
      vertex -1.64836 -1.8796 40
      vertex -2.63738 -3.00736 40
      vertex -2.43505 -3.17341 40
    endloop
  endfacet
  facet normal 0 0 1
    outer loop
      vertex -2.3097 0.956708 40
      vertex -3.69552 1.53073 40
      vertex -2.36732 0.803598 40
    endloop
  endfacet
  facet normal 0 0 1
    outer loop
      vertex -1.76777 -1.76777 40
      vertex -2.82843 -2.82843 40
      vertex -2.63738 -3.00736 40
    endloop
  endfacet
  facet normal -0 0 1
    outer loop
      vertex -3.78772 1.28576 40
      vertex -2.36732 0.803598 40
      vertex -3.69552 1.53073 40
    endloop
  endfacet
  facet normal 0 0 1
    outer loop
      vertex -1.8796 -1.64836 40
      vertex -3.00736 -2.63738 40
      vertex -2.82843 -2.82843 40
    endloop
  endfacet
  facet normal 0 0 1
    outer loop
      vertex -2.36732 0.803598 40
      vertex -3.78772 1.28576 40
      vertex -2.41481 0.647047 40
    endloop
  endfacet
  facet normal 0 0 1
    outer loop
      vertex -1.98338 -1.5219 40
      vertex -3.17341 -2.43505 40
      vertex -3.00736 -2.63738 40
    endloop
  endfacet
  facet normal -0 0 1
    outer loop
      vertex -3.8637 1.03528 40
      vertex -2.41481 0.647047 40
      vertex -3.78772 1.28576 40
    endloop
  endfacet
  facet normal 0 0 1
    outer loop
      vertex -2.07867 -1.38893 40
      vertex -3.32588 -2.22228 40
      vertex -3.17341 -2.43505 40
    endloop
  endfacet
  facet normal 0 0 1
    outer loop
      vertex -2.41481 0.647047 40
      vertex -3.8637 1.03528 40
      vertex -2.45196 0.487725 40
    endloop
  endfacet
  facet normal 0 0 1
    outer loop
      vertex -2.16506 -1.25 40
      vertex -3.4641 -2 40
      vertex -3.32588 -2.22228 40
    endloop
  endfacet
  facet normal -0 0 1
    outer loop
      vertex -3.92314 0.780361 40
      vertex -2.45196 0.487725 40
      vertex -3.8637 1.03528 40
    endloop
  endfacet
  facet normal 0 0 1
    outer loop
      vertex -2.24218 -1.10572 40
      vertex -3.58749 -1.76915 40
      vertex -3.4641 -2 40
    endloop
  endfacet
  facet normal 0 0 1
    outer loop
      vertex -2.45196 0.487725 40
      vertex -3.92314 0.780361 40
      vertex -2.47861 0.326315 40
    endloop
  endfacet
  facet normal 0 0 1
    outer loop
      vertex -2.3097 -0.956708 40
      vertex -3.69552 -1.53073 40
      vertex -3.58749 -1.76915 40
    endloop
  endfacet
  facet normal -0 0 1
    outer loop
      vertex -3.96578 0.522104 40
      vertex -2.47861 0.326315 40
      vertex -3.92314 0.780361 40
    endloop
  endfacet
  facet normal 0 0 1
    outer loop
      vertex -2.36732 -0.803598 40
      vertex -3.78772 -1.28576 40
      vertex -3.69552 -1.53073 40
    endloop
  endfacet
  facet normal 0 0 1
    outer loop
      vertex -2.47861 0.326315 40
      vertex -3.96578 0.522104 40
      vertex -2.49465 0.163507 40
    endloop
  endfacet
  facet normal 0 0 1
    outer loop
      vertex -2.41481 -0.647047 40
      vertex -3.8637 -1.03528 40
      vertex -3.78772 -1.28576 40
    endloop
  endfacet
  facet normal -0 0 1
    outer loop
      vertex -3.99144 0.261612 40
      vertex -2.49465 0.163507 40
      vertex -3.96578 0.522104 40
    endloop
  endfacet
  facet normal 0 0 1
    outer loop
      vertex -2.45196 -0.487725 40
      vertex -3.92314 -0.780361 40
      vertex -3.8637 -1.03528 40
    endloop
  endfacet
  facet normal 0 0 1
    outer loop
      vertex -2.49465 0.163507 40
      vertex -3.99144 0.261612 40
      vertex -2.5 0 40
    endloop
  endfacet
  facet normal 0 0 1
    outer loop
      vertex -2.47861 -0.326315 40
      vertex -3.96578 -0.522104 40
      vertex -3.92314 -0.780361 40
    endloop
  endfacet
  facet normal 0 0 1
    outer loop
      vertex -4 0 40
      vertex -2.5 0 40
      vertex -3.99144 0.261612 40
    endloop
  endfacet
  facet normal 0 0 1
    outer loop
      vertex -2.49465 -0.163507 40
      vertex -3.99144 -0.261612 40
      vertex -3.96578 -0.522104 40
    endloop
  endfacet
  facet normal 0 0 1
    outer loop
      vertex -2.5 0 40
      vertex -4 0 40
      vertex -3.99144 -0.261612 40
    endloop
  endfacet
  facet normal -0.471391 0.881924 0
    outer loop
      vertex -1.76915 3.58749 0
      vertex -2 3.4641 40
      vertex -1.76915 3.58749 40
    endloop
  endfacet
  facet normal -0.471391 0.881924 0
    outer loop
      vertex -2 3.4641 40
      vertex -1.76915 3.58749 0
      vertex -2 3.4641 0
    endloop
  endfacet
  facet normal -0.412718 0.910859 0
    outer loop
      vertex -1.53073 3.69552 0
      vertex -1.76915 3.58749 40
      vertex -1.53073 3.69552 40
    endloop
  endfacet
  facet normal -0.412718 0.910859 0
    outer loop
      vertex -1.76915 3.58749 40
      vertex -1.53073 3.69552 0
      vertex -1.76915 3.58749 0
    endloop
  endfacet
  facet normal -0.634398 0.773007 0
    outer loop
      vertex -2.43505 3.17341 0
      vertex -2.63738 3.00736 40
      vertex -2.43505 3.17341 40
    endloop
  endfacet
  facet normal -0.634398 0.773007 0
    outer loop
      vertex -2.63738 3.00736 40
      vertex -2.43505 3.17341 0
      vertex -2.63738 3.00736 0
    endloop
  endfacet
  facet normal -0.290277 0.956943 0
    outer loop
      vertex -1.03528 3.8637 0
      vertex -1.28576 3.78772 40
      vertex -1.03528 3.8637 40
    endloop
  endfacet
  facet normal -0.290277 0.956943 0
    outer loop
      vertex -1.28576 3.78772 40
      vertex -1.03528 3.8637 0
      vertex -1.28576 3.78772 0
    endloop
  endfacet
  facet normal -0.0327027 0.999465 0
    outer loop
      vertex 0 4 0
      vertex -0.261612 3.99144 40
      vertex 0 4 40
    endloop
  endfacet
  facet normal -0.0327027 0.999465 0
    outer loop
      vertex -0.261612 3.99144 40
      vertex 0 4 0
      vertex -0.261612 3.99144 0
    endloop
  endfacet
  facet normal 0.999465 -0.0327027 0
    outer loop
      vertex 3.99144 -0.261612 40
      vertex 4 0 0
      vertex 4 0 40
    endloop
  endfacet
  facet normal 0.999465 -0.0327027 0
    outer loop
      vertex 4 0 0
      vertex 3.99144 -0.261612 40
      vertex 3.99144 -0.261612 0
    endloop
  endfacet
  facet normal 0.0327027 -0.999465 0
    outer loop
      vertex 0 -4 0
      vertex 0.261612 -3.99144 40
      vertex 0 -4 40
    endloop
  endfacet
  facet normal 0.0327027 -0.999465 0
    outer loop
      vertex 0.261612 -3.99144 40
      vertex 0 -4 0
      vertex 0.261612 -3.99144 0
    endloop
  endfacet
  facet normal 0.162901 -0.986642 0
    outer loop
      vertex 0.522104 -3.96578 0
      vertex 0.780361 -3.92314 40
      vertex 0.522104 -3.96578 40
    endloop
  endfacet
  facet normal 0.162901 -0.986642 0
    outer loop
      vertex 0.780361 -3.92314 40
      vertex 0.522104 -3.96578 0
      vertex 0.780361 -3.92314 0
    endloop
  endfacet
  facet normal 0.290277 -0.956943 0
    outer loop
      vertex 1.03528 -3.8637 0
      vertex 1.28576 -3.78772 40
      vertex 1.03528 -3.8637 40
    endloop
  endfacet
  facet normal 0.290277 -0.956943 0
    outer loop
      vertex 1.28576 -3.78772 40
      vertex 1.03528 -3.8637 0
      vertex 1.28576 -3.78772 0
    endloop
  endfacet
  facet normal 0.634398 -0.773007 0
    outer loop
      vertex 2.43505 -3.17341 0
      vertex 2.63738 -3.00736 40
      vertex 2.43505 -3.17341 40
    endloop
  endfacet
  facet normal 0.634398 -0.773007 0
    outer loop
      vertex 2.63738 -3.00736 40
      vertex 2.43505 -3.17341 0
      vertex 2.63738 -3.00736 0
    endloop
  endfacet
  facet normal 0.729879 -0.683576 0
    outer loop
      vertex 2.82843 -2.82843 40
      vertex 3.00736 -2.63738 0
      vertex 3.00736 -2.63738 40
    endloop
  endfacet
  facet normal 0.729879 -0.683576 0
    outer loop
      vertex 3.00736 -2.63738 0
      vertex 2.82843 -2.82843 40
      vertex 2.82843 -2.82843 0
    endloop
  endfacet
  facet normal 0.528061 -0.849207 0
    outer loop
      vertex 2 -3.4641 0
      vertex 2.22228 -3.32588 40
      vertex 2 -3.4641 40
    endloop
  endfacet
  facet normal 0.528061 -0.849207 0
    outer loop
      vertex 2.22228 -3.32588 40
      vertex 2 -3.4641 0
      vertex 2.22228 -3.32588 0
    endloop
  endfacet
  facet normal 0.412718 -0.910859 0
    outer loop
      vertex 1.53073 -3.69552 0
      vertex 1.76915 -3.58749 40
      vertex 1.53073 -3.69552 40
    endloop
  endfacet
  facet normal 0.412718 -0.910859 0
    outer loop
      vertex 1.76915 -3.58749 40
      vertex 1.53073 -3.69552 0
      vertex 1.76915 -3.58749 0
    endloop
  endfacet
  facet normal 0.812845 -0.582481 0
    outer loop
      vertex 3.17341 -2.43505 40
      vertex 3.32588 -2.22228 0
      vertex 3.32588 -2.22228 40
    endloop
  endfacet
  facet normal 0.812845 -0.582481 0
    outer loop
      vertex 3.32588 -2.22228 0
      vertex 3.17341 -2.43505 40
      vertex 3.17341 -2.43505 0
    endloop
  endfacet
  facet normal 0.881924 -0.471391 0
    outer loop
      vertex 3.4641 -2 40
      vertex 3.58749 -1.76915 0
      vertex 3.58749 -1.76915 40
    endloop
  endfacet
  facet normal 0.881924 -0.471391 0
    outer loop
      vertex 3.58749 -1.76915 0
      vertex 3.4641 -2 40
      vertex 3.4641 -2 0
    endloop
  endfacet
  facet normal 0.956943 -0.290277 0
    outer loop
      vertex 3.78772 -1.28576 40
      vertex 3.8637 -1.03528 0
      vertex 3.8637 -1.03528 40
    endloop
  endfacet
  facet normal 0.956943 -0.290277 0
    outer loop
      vertex 3.8637 -1.03528 0
      vertex 3.78772 -1.28576 40
      vertex 3.78772 -1.28576 0
    endloop
  endfacet
  facet normal 0.995183 -0.0980314 0
    outer loop
      vertex 3.96578 -0.522104 40
      vertex 3.99144 -0.261612 0
      vertex 3.99144 -0.261612 40
    endloop
  endfacet
  facet normal 0.995183 -0.0980314 0
    outer loop
      vertex 3.99144 -0.261612 0
      vertex 3.96578 -0.522104 40
      vertex 3.96578 -0.522104 0
    endloop
  endfacet
  facet normal -0.683576 -0.729879 0
    outer loop
      vertex -2.82843 -2.82843 0
      vertex -2.63738 -3.00736 40
      vertex -2.82843 -2.82843 40
    endloop
  endfacet
  facet normal -0.683576 -0.729879 -0
    outer loop
      vertex -2.63738 -3.00736 40
      vertex -2.82843 -2.82843 0
      vertex -2.63738 -3.00736 0
    endloop
  endfacet
  facet normal -0.582481 -0.812845 0
    outer loop
      vertex -2.43505 -3.17341 0
      vertex -2.22228 -3.32588 40
      vertex -2.43505 -3.17341 40
    endloop
  endfacet
  facet normal -0.582481 -0.812845 -0
    outer loop
      vertex -2.22228 -3.32588 40
      vertex -2.43505 -3.17341 0
      vertex -2.22228 -3.32588 0
    endloop
  endfacet
  facet normal -0.471391 -0.881924 0
    outer loop
      vertex -2 -3.4641 0
      vertex -1.76915 -3.58749 40
      vertex -2 -3.4641 40
    endloop
  endfacet
  facet normal -0.471391 -0.881924 -0
    outer loop
      vertex -1.76915 -3.58749 40
      vertex -2 -3.4641 0
      vertex -1.76915 -3.58749 0
    endloop
  endfacet
  facet normal -0.352249 -0.935906 0
    outer loop
      vertex -1.53073 -3.69552 0
      vertex -1.28576 -3.78772 40
      vertex -1.53073 -3.69552 40
    endloop
  endfacet
  facet normal -0.352249 -0.935906 -0
    outer loop
      vertex -1.28576 -3.78772 40
      vertex -1.53073 -3.69552 0
      vertex -1.28576 -3.78772 0
    endloop
  endfacet
  facet normal -0.227081 -0.973876 0
    outer loop
      vertex -1.03528 -3.8637 0
      vertex -0.780361 -3.92314 40
      vertex -1.03528 -3.8637 40
    endloop
  endfacet
  facet normal -0.227081 -0.973876 -0
    outer loop
      vertex -0.780361 -3.92314 40
      vertex -1.03528 -3.8637 0
      vertex -0.780361 -3.92314 0
    endloop
  endfacet
  facet normal -0.0980314 -0.995183 0
    outer loop
      vertex -0.522104 -3.96578 0
      vertex -0.261612 -3.99144 40
      vertex -0.522104 -3.96578 40
    endloop
  endfacet
  facet normal -0.0980314 -0.995183 -0
    outer loop
      vertex -0.261612 -3.99144 40
      vertex -0.522104 -3.96578 0
      vertex -0.261612 -3.99144 0
    endloop
  endfacet
  facet normal -0.910859 -0.412718 0
    outer loop
      vertex -3.58749 -1.76915 0
      vertex -3.69552 -1.53073 40
      vertex -3.69552 -1.53073 0
    endloop
  endfacet
  facet normal -0.910859 -0.412718 0
    outer loop
      vertex -3.69552 -1.53073 40
      vertex -3.58749 -1.76915 0
      vertex -3.58749 -1.76915 40
    endloop
  endfacet
  facet normal -0.849207 -0.528061 0
    outer loop
      vertex -3.32588 -2.22228 0
      vertex -3.4641 -2 40
      vertex -3.4641 -2 0
    endloop
  endfacet
  facet normal -0.849207 -0.528061 0
    outer loop
      vertex -3.4641 -2 40
      vertex -3.32588 -2.22228 0
      vertex -3.32588 -2.22228 40
    endloop
  endfacet
  facet normal -0.773007 -0.634398 0
    outer loop
      vertex -3.00736 -2.63738 0
      vertex -3.17341 -2.43505 40
      vertex -3.17341 -2.43505 0
    endloop
  endfacet
  facet normal -0.773007 -0.634398 0
    outer loop
      vertex -3.17341 -2.43505 40
      vertex -3.00736 -2.63738 0
      vertex -3.00736 -2.63738 40
    endloop
  endfacet
  facet normal -0.956943 -0.290277 0
    outer loop
      vertex -3.78772 -1.28576 0
      vertex -3.8637 -1.03528 40
      vertex -3.8637 -1.03528 0
    endloop
  endfacet
  facet normal -0.956943 -0.290277 0
    outer loop
      vertex -3.8637 -1.03528 40
      vertex -3.78772 -1.28576 0
      vertex -3.78772 -1.28576 40
    endloop
  endfacet
  facet normal -0.986642 -0.162901 0
    outer loop
      vertex -3.92314 -0.780361 0
      vertex -3.96578 -0.522104 40
      vertex -3.96578 -0.522104 0
    endloop
  endfacet
  facet normal -0.986642 -0.162901 0
    outer loop
      vertex -3.96578 -0.522104 40
      vertex -3.92314 -0.780361 0
      vertex -3.92314 -0.780361 40
    endloop
  endfacet
  facet normal -0.999465 -0.0327027 0
    outer loop
      vertex -3.99144 -0.261612 0
      vertex -4 0 40
      vertex -4 0 0
    endloop
  endfacet
  facet normal -0.999465 -0.0327027 0
    outer loop
      vertex -4 0 40
      vertex -3.99144 -0.261612 0
      vertex -3.99144 -0.261612 40
    endloop
  endfacet
  facet normal 0.0980314 -0.995183 0
    outer loop
      vertex 0.261612 -3.99144 0
      vertex 0.522104 -3.96578 40
      vertex 0.261612 -3.99144 40
    endloop
  endfacet
  facet normal 0.0980314 -0.995183 0
    outer loop
      vertex 0.522104 -3.96578 40
      vertex 0.261612 -3.99144 0
      vertex 0.522104 -3.96578 0
    endloop
  endfacet
  facet normal 0.352249 -0.935906 0
    outer loop
      vertex 1.28576 -3.78772 0
      vertex 1.53073 -3.69552 40
      vertex 1.28576 -3.78772 40
    endloop
  endfacet
  facet normal 0.352249 -0.935906 0
    outer loop
      vertex 1.53073 -3.69552 40
      vertex 1.28576 -3.78772 0
      vertex 1.53073 -3.69552 0
    endloop
  endfacet
  facet normal 0.683576 -0.729879 0
    outer loop
      vertex 2.63738 -3.00736 0
      vertex 2.82843 -2.82843 40
      vertex 2.63738 -3.00736 40
    endloop
  endfacet
  facet normal 0.683576 -0.729879 0
    outer loop
      vertex 2.82843 -2.82843 40
      vertex 2.63738 -3.00736 0
      vertex 2.82843 -2.82843 0
    endloop
  endfacet
  facet normal 0.582481 -0.812845 0
    outer loop
      vertex 2.22228 -3.32588 0
      vertex 2.43505 -3.17341 40
      vertex 2.22228 -3.32588 40
    endloop
  endfacet
  facet normal 0.582481 -0.812845 0
    outer loop
      vertex 2.43505 -3.17341 40
      vertex 2.22228 -3.32588 0
      vertex 2.43505 -3.17341 0
    endloop
  endfacet
  facet normal 0.471391 -0.881924 0
    outer loop
      vertex 1.76915 -3.58749 0
      vertex 2 -3.4641 40
      vertex 1.76915 -3.58749 40
    endloop
  endfacet
  facet normal 0.471391 -0.881924 0
    outer loop
      vertex 2 -3.4641 40
      vertex 1.76915 -3.58749 0
      vertex 2 -3.4641 0
    endloop
  endfacet
  facet normal 0.849207 -0.528061 0
    outer loop
      vertex 3.32588 -2.22228 40
      vertex 3.4641 -2 0
      vertex 3.4641 -2 40
    endloop
  endfacet
  facet normal 0.849207 -0.528061 0
    outer loop
      vertex 3.4641 -2 0
      vertex 3.32588 -2.22228 40
      vertex 3.32588 -2.22228 0
    endloop
  endfacet
  facet normal 0.910859 -0.412718 0
    outer loop
      vertex 3.58749 -1.76915 40
      vertex 3.69552 -1.53073 0
      vertex 3.69552 -1.53073 40
    endloop
  endfacet
  facet normal 0.910859 -0.412718 0
    outer loop
      vertex 3.69552 -1.53073 0
      vertex 3.58749 -1.76915 40
      vertex 3.58749 -1.76915 0
    endloop
  endfacet
  facet normal 0.973876 -0.227081 0
    outer loop
      vertex 3.8637 -1.03528 40
      vertex 3.92314 -0.780361 0
      vertex 3.92314 -0.780361 40
    endloop
  endfacet
  facet normal 0.973876 -0.227081 0
    outer loop
      vertex 3.92314 -0.780361 0
      vertex 3.8637 -1.03528 40
      vertex 3.8637 -1.03528 0
    endloop
  endfacet
  facet normal -0.634398 -0.773007 0
    outer loop
      vertex -2.63738 -3.00736 0
      vertex -2.43505 -3.17341 40
      vertex -2.63738 -3.00736 40
    endloop
  endfacet
  facet normal -0.634398 -0.773007 -0
    outer loop
      vertex -2.43505 -3.17341 40
      vertex -2.63738 -3.00736 0
      vertex -2.43505 -3.17341 0
    endloop
  endfacet
  facet normal -0.412718 -0.910859 0
    outer loop
      vertex -1.76915 -3.58749 0
      vertex -1.53073 -3.69552 40
      vertex -1.76915 -3.58749 40
    endloop
  endfacet
  facet normal -0.412718 -0.910859 -0
    outer loop
      vertex -1.53073 -3.69552 40
      vertex -1.76915 -3.58749 0
      vertex -1.53073 -3.69552 0
    endloop
  endfacet
  facet normal -0.290277 -0.956943 0
    outer loop
      vertex -1.28576 -3.78772 0
      vertex -1.03528 -3.8637 40
      vertex -1.28576 -3.78772 40
    endloop
  endfacet
  facet normal -0.290277 -0.956943 -0
    outer loop
      vertex -1.03528 -3.8637 40
      vertex -1.28576 -3.78772 0
      vertex -1.03528 -3.8637 0
    endloop
  endfacet
  facet normal -0.0327027 -0.999465 0
    outer loop
      vertex -0.261612 -3.99144 0
      vertex 0 -4 40
      vertex -0.261612 -3.99144 40
    endloop
  endfacet
  facet normal -0.0327027 -0.999465 -0
    outer loop
      vertex 0 -4 40
      vertex -0.261612 -3.99144 0
      vertex 0 -4 0
    endloop
  endfacet
  facet normal -0.881924 -0.471391 0
    outer loop
      vertex -3.4641 -2 0
      vertex -3.58749 -1.76915 40
      vertex -3.58749 -1.76915 0
    endloop
  endfacet
  facet normal -0.881924 -0.471391 0
    outer loop
      vertex -3.58749 -1.76915 40
      vertex -3.4641 -2 0
      vertex -3.4641 -2 40
    endloop
  endfacet
  facet normal -0.729879 -0.683576 0
    outer loop
      vertex -2.82843 -2.82843 0
      vertex -3.00736 -2.63738 40
      vertex -3.00736 -2.63738 0
    endloop
  endfacet
  facet normal -0.729879 -0.683576 0
    outer loop
      vertex -3.00736 -2.63738 40
      vertex -2.82843 -2.82843 0
      vertex -2.82843 -2.82843 40
    endloop
  endfacet
  facet normal -0.935906 -0.352249 0
    outer loop
      vertex -3.69552 -1.53073 0
      vertex -3.78772 -1.28576 40
      vertex -3.78772 -1.28576 0
    endloop
  endfacet
  facet normal -0.935906 -0.352249 0
    outer loop
      vertex -3.78772 -1.28576 40
      vertex -3.69552 -1.53073 0
      vertex -3.69552 -1.53073 40
    endloop
  endfacet
  facet normal -0.995183 -0.0980314 0
    outer loop
      vertex -3.96578 -0.522104 0
      vertex -3.99144 -0.261612 40
      vertex -3.99144 -0.261612 0
    endloop
  endfacet
  facet normal -0.995183 -0.0980314 0
    outer loop
      vertex -3.99144 -0.261612 40
      vertex -3.96578 -0.522104 0
      vertex -3.96578 -0.522104 40
    endloop
  endfacet
  facet normal 0.986642 -0.162901 0
    outer loop
      vertex 3.92314 -0.780361 40
      vertex 3.96578 -0.522104 0
      vertex 3.96578 -0.522104 40
    endloop
  endfacet
  facet normal 0.986642 -0.162901 0
    outer loop
      vertex 3.96578 -0.522104 0
      vertex 3.92314 -0.780361 40
      vertex 3.92314 -0.780361 0
    endloop
  endfacet
  facet normal -0.683561 -0.729894 0
    outer loop
      vertex 1.64836 1.8796 0
      vertex 1.76777 1.76777 40
      vertex 1.64836 1.8796 40
    endloop
  endfacet
  facet normal -0.683561 -0.729894 -0
    outer loop
      vertex 1.76777 1.76777 40
      vertex 1.64836 1.8796 0
      vertex 1.76777 1.76777 0
    endloop
  endfacet
  facet normal 0.352215 -0.935919 0
    outer loop
      vertex -0.956708 2.3097 0
      vertex -0.803598 2.36732 40
      vertex -0.956708 2.3097 40
    endloop
  endfacet
  facet normal 0.352215 -0.935919 0
    outer loop
      vertex -0.803598 2.36732 40
      vertex -0.956708 2.3097 0
      vertex -0.803598 2.36732 0
    endloop
  endfacet
  facet normal 0.910856 -0.412725 0
    outer loop
      vertex -2.3097 0.956708 40
      vertex -2.24218 1.10572 0
      vertex -2.24218 1.10572 40
    endloop
  endfacet
  facet normal 0.910856 -0.412725 0
    outer loop
      vertex -2.24218 1.10572 0
      vertex -2.3097 0.956708 40
      vertex -2.3097 0.956708 0
    endloop
  endfacet
  facet normal -0.528058 0.849208 0
    outer loop
      vertex 1.38893 -2.07867 0
      vertex 1.25 -2.16506 40
      vertex 1.38893 -2.07867 40
    endloop
  endfacet
  facet normal -0.528058 0.849208 0
    outer loop
      vertex 1.25 -2.16506 40
      vertex 1.38893 -2.07867 0
      vertex 1.25 -2.16506 0
    endloop
  endfacet
  facet normal -0.995182 0.0980463 0
    outer loop
      vertex 2.47861 -0.326315 0
      vertex 2.49465 -0.163507 40
      vertex 2.49465 -0.163507 0
    endloop
  endfacet
  facet normal -0.995182 0.0980463 0
    outer loop
      vertex 2.49465 -0.163507 40
      vertex 2.47861 -0.326315 0
      vertex 2.47861 -0.326315 40
    endloop
  endfacet
  facet normal 0.412725 0.910856 -0
    outer loop
      vertex -0.956708 -2.3097 0
      vertex -1.10572 -2.24218 40
      vertex -0.956708 -2.3097 40
    endloop
  endfacet
  facet normal 0.412725 0.910856 0
    outer loop
      vertex -1.10572 -2.24218 40
      vertex -0.956708 -2.3097 0
      vertex -1.10572 -2.24218 0
    endloop
  endfacet
  facet normal -0.881919 -0.4714 0
    outer loop
      vertex 2.24218 1.10572 0
      vertex 2.16506 1.25 40
      vertex 2.16506 1.25 0
    endloop
  endfacet
  facet normal -0.881919 -0.4714 0
    outer loop
      vertex 2.16506 1.25 40
      vertex 2.24218 1.10572 0
      vertex 2.24218 1.10572 40
    endloop
  endfacet
  facet normal -0.412725 -0.910856 0
    outer loop
      vertex 0.956708 2.3097 0
      vertex 1.10572 2.24218 40
      vertex 0.956708 2.3097 40
    endloop
  endfacet
  facet normal -0.412725 -0.910856 -0
    outer loop
      vertex 1.10572 2.24218 40
      vertex 0.956708 2.3097 0
      vertex 1.10572 2.24218 0
    endloop
  endfacet
  facet normal -0.162902 -0.986642 0
    outer loop
      vertex 0.326315 2.47861 0
      vertex 0.487725 2.45196 40
      vertex 0.326315 2.47861 40
    endloop
  endfacet
  facet normal -0.162902 -0.986642 -0
    outer loop
      vertex 0.487725 2.45196 40
      vertex 0.326315 2.47861 0
      vertex 0.487725 2.45196 0
    endloop
  endfacet
  facet normal 0.986642 -0.162902 0
    outer loop
      vertex -2.47861 0.326315 40
      vertex -2.45196 0.487725 0
      vertex -2.45196 0.487725 40
    endloop
  endfacet
  facet normal 0.986642 -0.162902 0
    outer loop
      vertex -2.45196 0.487725 0
      vertex -2.47861 0.326315 40
      vertex -2.47861 0.326315 0
    endloop
  endfacet
  facet normal 0.729894 -0.683561 0
    outer loop
      vertex -1.8796 1.64836 40
      vertex -1.76777 1.76777 0
      vertex -1.76777 1.76777 40
    endloop
  endfacet
  facet normal 0.729894 -0.683561 0
    outer loop
      vertex -1.76777 1.76777 0
      vertex -1.8796 1.64836 40
      vertex -1.8796 1.64836 0
    endloop
  endfacet
  facet normal 0.162902 -0.986642 0
    outer loop
      vertex -0.487725 2.45196 0
      vertex -0.326315 2.47861 40
      vertex -0.487725 2.45196 40
    endloop
  endfacet
  facet normal 0.162902 -0.986642 0
    outer loop
      vertex -0.326315 2.47861 40
      vertex -0.487725 2.45196 0
      vertex -0.326315 2.47861 0
    endloop
  endfacet
  facet normal -0.935919 0.352215 0
    outer loop
      vertex 2.3097 -0.956708 0
      vertex 2.36732 -0.803598 40
      vertex 2.36732 -0.803598 0
    endloop
  endfacet
  facet normal -0.935919 0.352215 0
    outer loop
      vertex 2.36732 -0.803598 40
      vertex 2.3097 -0.956708 0
      vertex 2.3097 -0.956708 40
    endloop
  endfacet
  facet normal 0.162902 0.986642 -0
    outer loop
      vertex -0.326315 -2.47861 0
      vertex -0.487725 -2.45196 40
      vertex -0.326315 -2.47861 40
    endloop
  endfacet
  facet normal 0.162902 0.986642 0
    outer loop
      vertex -0.487725 -2.45196 40
      vertex -0.326315 -2.47861 0
      vertex -0.487725 -2.45196 0
    endloop
  endfacet
  facet normal 0.683561 0.729894 -0
    outer loop
      vertex -1.64836 -1.8796 0
      vertex -1.76777 -1.76777 40
      vertex -1.64836 -1.8796 40
    endloop
  endfacet
  facet normal 0.683561 0.729894 0
    outer loop
      vertex -1.76777 -1.76777 40
      vertex -1.64836 -1.8796 0
      vertex -1.76777 -1.76777 0
    endloop
  endfacet
  facet normal -0.995182 -0.0980463 0
    outer loop
      vertex 2.49465 0.163507 0
      vertex 2.47861 0.326315 40
      vertex 2.47861 0.326315 0
    endloop
  endfacet
  facet normal -0.995182 -0.0980463 0
    outer loop
      vertex 2.47861 0.326315 40
      vertex 2.49465 0.163507 0
      vertex 2.49465 0.163507 40
    endloop
  endfacet
  facet normal -0.973875 -0.227084 0
    outer loop
      vertex 2.45196 0.487725 0
      vertex 2.41481 0.647047 40
      vertex 2.41481 0.647047 0
    endloop
  endfacet
  facet normal -0.973875 -0.227084 0
    outer loop
      vertex 2.41481 0.647047 40
      vertex 2.45196 0.487725 0
      vertex 2.45196 0.487725 40
    endloop
  endfacet
  facet normal -0.956939 -0.290289 0
    outer loop
      vertex 2.41481 0.647047 0
      vertex 2.36732 0.803598 40
      vertex 2.36732 0.803598 0
    endloop
  endfacet
  facet normal -0.956939 -0.290289 0
    outer loop
      vertex 2.36732 0.803598 40
      vertex 2.41481 0.647047 0
      vertex 2.41481 0.647047 40
    endloop
  endfacet
  facet normal -0.77302 -0.634382 0
    outer loop
      vertex 1.98338 1.5219 0
      vertex 1.8796 1.64836 40
      vertex 1.8796 1.64836 0
    endloop
  endfacet
  facet normal -0.77302 -0.634382 0
    outer loop
      vertex 1.8796 1.64836 40
      vertex 1.98338 1.5219 0
      vertex 1.98338 1.5219 40
    endloop
  endfacet
  facet normal -0.812832 -0.582498 0
    outer loop
      vertex 2.07867 1.38893 0
      vertex 1.98338 1.5219 40
      vertex 1.98338 1.5219 0
    endloop
  endfacet
  facet normal -0.812832 -0.582498 0
    outer loop
      vertex 1.98338 1.5219 40
      vertex 2.07867 1.38893 0
      vertex 2.07867 1.38893 40
    endloop
  endfacet
  facet normal -0.729894 -0.683561 0
    outer loop
      vertex 1.8796 1.64836 0
      vertex 1.76777 1.76777 40
      vertex 1.76777 1.76777 0
    endloop
  endfacet
  facet normal -0.729894 -0.683561 0
    outer loop
      vertex 1.76777 1.76777 40
      vertex 1.8796 1.64836 0
      vertex 1.8796 1.64836 40
    endloop
  endfacet
  facet normal -0.582498 -0.812832 0
    outer loop
      vertex 1.38893 2.07867 0
      vertex 1.5219 1.98338 40
      vertex 1.38893 2.07867 40
    endloop
  endfacet
  facet normal -0.582498 -0.812832 -0
    outer loop
      vertex 1.5219 1.98338 40
      vertex 1.38893 2.07867 0
      vertex 1.5219 1.98338 0
    endloop
  endfacet
  facet normal -0.352215 -0.935919 0
    outer loop
      vertex 0.803598 2.36732 0
      vertex 0.956708 2.3097 40
      vertex 0.803598 2.36732 40
    endloop
  endfacet
  facet normal -0.352215 -0.935919 -0
    outer loop
      vertex 0.956708 2.3097 40
      vertex 0.803598 2.36732 0
      vertex 0.956708 2.3097 0
    endloop
  endfacet
  facet normal -0.227084 -0.973875 0
    outer loop
      vertex 0.487725 2.45196 0
      vertex 0.647047 2.41481 40
      vertex 0.487725 2.45196 40
    endloop
  endfacet
  facet normal -0.227084 -0.973875 -0
    outer loop
      vertex 0.647047 2.41481 40
      vertex 0.487725 2.45196 0
      vertex 0.647047 2.41481 0
    endloop
  endfacet
  facet normal 0.935919 -0.352215 0
    outer loop
      vertex -2.36732 0.803598 40
      vertex -2.3097 0.956708 0
      vertex -2.3097 0.956708 40
    endloop
  endfacet
  facet normal 0.935919 -0.352215 0
    outer loop
      vertex -2.3097 0.956708 0
      vertex -2.36732 0.803598 40
      vertex -2.36732 0.803598 0
    endloop
  endfacet
  facet normal 0.973875 -0.227084 0
    outer loop
      vertex -2.45196 0.487725 40
      vertex -2.41481 0.647047 0
      vertex -2.41481 0.647047 40
    endloop
  endfacet
  facet normal 0.973875 -0.227084 0
    outer loop
      vertex -2.41481 0.647047 0
      vertex -2.45196 0.487725 40
      vertex -2.45196 0.487725 0
    endloop
  endfacet
  facet normal 0.812832 -0.582498 0
    outer loop
      vertex -2.07867 1.38893 40
      vertex -1.98338 1.5219 0
      vertex -1.98338 1.5219 40
    endloop
  endfacet
  facet normal 0.812832 -0.582498 0
    outer loop
      vertex -1.98338 1.5219 0
      vertex -2.07867 1.38893 40
      vertex -2.07867 1.38893 0
    endloop
  endfacet
  facet normal 0.0980463 -0.995182 0
    outer loop
      vertex -0.326315 2.47861 0
      vertex -0.163507 2.49465 40
      vertex -0.326315 2.47861 40
    endloop
  endfacet
  facet normal 0.0980463 -0.995182 0
    outer loop
      vertex -0.163507 2.49465 40
      vertex -0.326315 2.47861 0
      vertex -0.163507 2.49465 0
    endloop
  endfacet
  facet normal 0.528058 -0.849208 0
    outer loop
      vertex -1.38893 2.07867 0
      vertex -1.25 2.16506 40
      vertex -1.38893 2.07867 40
    endloop
  endfacet
  facet normal 0.528058 -0.849208 0
    outer loop
      vertex -1.25 2.16506 40
      vertex -1.38893 2.07867 0
      vertex -1.25 2.16506 0
    endloop
  endfacet
  facet normal 0.582498 -0.812832 0
    outer loop
      vertex -1.5219 1.98338 0
      vertex -1.38893 2.07867 40
      vertex -1.5219 1.98338 40
    endloop
  endfacet
  facet normal 0.582498 -0.812832 0
    outer loop
      vertex -1.38893 2.07867 40
      vertex -1.5219 1.98338 0
      vertex -1.38893 2.07867 0
    endloop
  endfacet
  facet normal 0.412725 -0.910856 0
    outer loop
      vertex -1.10572 2.24218 0
      vertex -0.956708 2.3097 40
      vertex -1.10572 2.24218 40
    endloop
  endfacet
  facet normal 0.412725 -0.910856 0
    outer loop
      vertex -0.956708 2.3097 40
      vertex -1.10572 2.24218 0
      vertex -0.956708 2.3097 0
    endloop
  endfacet
  facet normal -0.999465 -0.0327028 0
    outer loop
      vertex 2.5 0 0
      vertex 2.49465 0.163507 40
      vertex 2.49465 0.163507 0
    endloop
  endfacet
  facet normal -0.999465 -0.0327028 0
    outer loop
      vertex 2.49465 0.163507 40
      vertex 2.5 0 0
      vertex 2.5 0 40
    endloop
  endfacet
  facet normal -0.956939 0.290289 0
    outer loop
      vertex 2.36732 -0.803598 0
      vertex 2.41481 -0.647047 40
      vertex 2.41481 -0.647047 0
    endloop
  endfacet
  facet normal -0.956939 0.290289 0
    outer loop
      vertex 2.41481 -0.647047 40
      vertex 2.36732 -0.803598 0
      vertex 2.36732 -0.803598 40
    endloop
  endfacet
  facet normal -0.729894 0.683561 0
    outer loop
      vertex 1.76777 -1.76777 0
      vertex 1.8796 -1.64836 40
      vertex 1.8796 -1.64836 0
    endloop
  endfacet
  facet normal -0.729894 0.683561 0
    outer loop
      vertex 1.8796 -1.64836 40
      vertex 1.76777 -1.76777 0
      vertex 1.76777 -1.76777 40
    endloop
  endfacet
  facet normal -0.162902 0.986642 0
    outer loop
      vertex 0.487725 -2.45196 0
      vertex 0.326315 -2.47861 40
      vertex 0.487725 -2.45196 40
    endloop
  endfacet
  facet normal -0.162902 0.986642 0
    outer loop
      vertex 0.326315 -2.47861 40
      vertex 0.487725 -2.45196 0
      vertex 0.326315 -2.47861 0
    endloop
  endfacet
  facet normal -0.582498 0.812832 0
    outer loop
      vertex 1.5219 -1.98338 0
      vertex 1.38893 -2.07867 40
      vertex 1.5219 -1.98338 40
    endloop
  endfacet
  facet normal -0.582498 0.812832 0
    outer loop
      vertex 1.38893 -2.07867 40
      vertex 1.5219 -1.98338 0
      vertex 1.38893 -2.07867 0
    endloop
  endfacet
  facet normal -0.412725 0.910856 0
    outer loop
      vertex 1.10572 -2.24218 0
      vertex 0.956708 -2.3097 40
      vertex 1.10572 -2.24218 40
    endloop
  endfacet
  facet normal -0.412725 0.910856 0
    outer loop
      vertex 0.956708 -2.3097 40
      vertex 1.10572 -2.24218 0
      vertex 0.956708 -2.3097 0
    endloop
  endfacet
  facet normal 0.0980463 0.995182 -0
    outer loop
      vertex -0.163507 -2.49465 0
      vertex -0.326315 -2.47861 40
      vertex -0.163507 -2.49465 40
    endloop
  endfacet
  facet normal 0.0980463 0.995182 0
    outer loop
      vertex -0.326315 -2.47861 40
      vertex -0.163507 -2.49465 0
      vertex -0.326315 -2.47861 0
    endloop
  endfacet
  facet normal 0.352215 0.935919 -0
    outer loop
      vertex -0.803598 -2.36732 0
      vertex -0.956708 -2.3097 40
      vertex -0.803598 -2.36732 40
    endloop
  endfacet
  facet normal 0.352215 0.935919 0
    outer loop
      vertex -0.956708 -2.3097 40
      vertex -0.803598 -2.36732 0
      vertex -0.956708 -2.3097 0
    endloop
  endfacet
  facet normal 0.995182 0.0980463 0
    outer loop
      vertex -2.47861 -0.326315 40
      vertex -2.49465 -0.163507 0
      vertex -2.49465 -0.163507 40
    endloop
  endfacet
  facet normal 0.995182 0.0980463 0
    outer loop
      vertex -2.49465 -0.163507 0
      vertex -2.47861 -0.326315 40
      vertex -2.47861 -0.326315 0
    endloop
  endfacet
  facet normal 0.812832 0.582498 0
    outer loop
      vertex -1.98338 -1.5219 40
      vertex -2.07867 -1.38893 0
      vertex -2.07867 -1.38893 40
    endloop
  endfacet
  facet normal 0.812832 0.582498 0
    outer loop
      vertex -2.07867 -1.38893 0
      vertex -1.98338 -1.5219 40
      vertex -1.98338 -1.5219 0
    endloop
  endfacet
  facet normal 0.910856 0.412725 0
    outer loop
      vertex -2.24218 -1.10572 40
      vertex -2.3097 -0.956708 0
      vertex -2.3097 -0.956708 40
    endloop
  endfacet
  facet normal 0.910856 0.412725 0
    outer loop
      vertex -2.3097 -0.956708 0
      vertex -2.24218 -1.10572 40
      vertex -2.24218 -1.10572 0
    endloop
  endfacet
  facet normal 0.77302 0.634382 0
    outer loop
      vertex -1.8796 -1.64836 40
      vertex -1.98338 -1.5219 0
      vertex -1.98338 -1.5219 40
    endloop
  endfacet
  facet normal 0.77302 0.634382 0
    outer loop
      vertex -1.98338 -1.5219 0
      vertex -1.8796 -1.64836 40
      vertex -1.8796 -1.64836 0
    endloop
  endfacet
  facet normal -0.986642 -0.162902 0
    outer loop
      vertex 2.47861 0.326315 0
      vertex 2.45196 0.487725 40
      vertex 2.45196 0.487725 0
    endloop
  endfacet
  facet normal -0.986642 -0.162902 0
    outer loop
      vertex 2.45196 0.487725 40
      vertex 2.47861 0.326315 0
      vertex 2.47861 0.326315 40
    endloop
  endfacet
  facet normal -0.910856 -0.412725 0
    outer loop
      vertex 2.3097 0.956708 0
      vertex 2.24218 1.10572 40
      vertex 2.24218 1.10572 0
    endloop
  endfacet
  facet normal -0.910856 -0.412725 0
    outer loop
      vertex 2.24218 1.10572 40
      vertex 2.3097 0.956708 0
      vertex 2.3097 0.956708 40
    endloop
  endfacet
  facet normal -0.935919 -0.352215 0
    outer loop
      vertex 2.36732 0.803598 0
      vertex 2.3097 0.956708 40
      vertex 2.3097 0.956708 0
    endloop
  endfacet
  facet normal -0.935919 -0.352215 0
    outer loop
      vertex 2.3097 0.956708 40
      vertex 2.36732 0.803598 0
      vertex 2.36732 0.803598 40
    endloop
  endfacet
  facet normal -0.849208 -0.528058 0
    outer loop
      vertex 2.16506 1.25 0
      vertex 2.07867 1.38893 40
      vertex 2.07867 1.38893 0
    endloop
  endfacet
  facet normal -0.849208 -0.528058 0
    outer loop
      vertex 2.07867 1.38893 40
      vertex 2.16506 1.25 0
      vertex 2.16506 1.25 40
    endloop
  endfacet
  facet normal -0.634382 -0.77302 0
    outer loop
      vertex 1.5219 1.98338 0
      vertex 1.64836 1.8796 40
      vertex 1.5219 1.98338 40
    endloop
  endfacet
  facet normal -0.634382 -0.77302 -0
    outer loop
      vertex 1.64836 1.8796 40
      vertex 1.5219 1.98338 0
      vertex 1.64836 1.8796 0
    endloop
  endfacet
  facet normal -0.0327028 -0.999465 0
    outer loop
      vertex 0 2.5 0
      vertex 0.163507 2.49465 40
      vertex 0 2.5 40
    endloop
  endfacet
  facet normal -0.0327028 -0.999465 -0
    outer loop
      vertex 0.163507 2.49465 40
      vertex 0 2.5 0
      vertex 0.163507 2.49465 0
    endloop
  endfacet
  facet normal -0.4714 -0.881919 0
    outer loop
      vertex 1.10572 2.24218 0
      vertex 1.25 2.16506 40
      vertex 1.10572 2.24218 40
    endloop
  endfacet
  facet normal -0.4714 -0.881919 -0
    outer loop
      vertex 1.25 2.16506 40
      vertex 1.10572 2.24218 0
      vertex 1.25 2.16506 0
    endloop
  endfacet
  facet normal -0.528058 -0.849208 0
    outer loop
      vertex 1.25 2.16506 0
      vertex 1.38893 2.07867 40
      vertex 1.25 2.16506 40
    endloop
  endfacet
  facet normal -0.528058 -0.849208 -0
    outer loop
      vertex 1.38893 2.07867 40
      vertex 1.25 2.16506 0
      vertex 1.38893 2.07867 0
    endloop
  endfacet
  facet normal -0.290289 -0.956939 0
    outer loop
      vertex 0.647047 2.41481 0
      vertex 0.803598 2.36732 40
      vertex 0.647047 2.41481 40
    endloop
  endfacet
  facet normal -0.290289 -0.956939 -0
    outer loop
      vertex 0.803598 2.36732 40
      vertex 0.647047 2.41481 0
      vertex 0.803598 2.36732 0
    endloop
  endfacet
  facet normal 0.999465 -0.0327028 0
    outer loop
      vertex -2.5 0 40
      vertex -2.49465 0.163507 0
      vertex -2.49465 0.163507 40
    endloop
  endfacet
  facet normal 0.999465 -0.0327028 0
    outer loop
      vertex -2.49465 0.163507 0
      vertex -2.5 0 40
      vertex -2.5 0 0
    endloop
  endfacet
  facet normal 0.956939 -0.290289 0
    outer loop
      vertex -2.41481 0.647047 40
      vertex -2.36732 0.803598 0
      vertex -2.36732 0.803598 40
    endloop
  endfacet
  facet normal 0.956939 -0.290289 0
    outer loop
      vertex -2.36732 0.803598 0
      vertex -2.41481 0.647047 40
      vertex -2.41481 0.647047 0
    endloop
  endfacet
  facet normal 0.849208 -0.528058 0
    outer loop
      vertex -2.16506 1.25 40
      vertex -2.07867 1.38893 0
      vertex -2.07867 1.38893 40
    endloop
  endfacet
  facet normal 0.849208 -0.528058 0
    outer loop
      vertex -2.07867 1.38893 0
      vertex -2.16506 1.25 40
      vertex -2.16506 1.25 0
    endloop
  endfacet
  facet normal 0.881919 -0.4714 0
    outer loop
      vertex -2.24218 1.10572 40
      vertex -2.16506 1.25 0
      vertex -2.16506 1.25 40
    endloop
  endfacet
  facet normal 0.881919 -0.4714 0
    outer loop
      vertex -2.16506 1.25 0
      vertex -2.24218 1.10572 40
      vertex -2.24218 1.10572 0
    endloop
  endfacet
  facet normal 0.77302 -0.634382 0
    outer loop
      vertex -1.98338 1.5219 40
      vertex -1.8796 1.64836 0
      vertex -1.8796 1.64836 40
    endloop
  endfacet
  facet normal 0.77302 -0.634382 0
    outer loop
      vertex -1.8796 1.64836 0
      vertex -1.98338 1.5219 40
      vertex -1.98338 1.5219 0
    endloop
  endfacet
  facet normal 0.227084 -0.973875 0
    outer loop
      vertex -0.647047 2.41481 0
      vertex -0.487725 2.45196 40
      vertex -0.647047 2.41481 40
    endloop
  endfacet
  facet normal 0.227084 -0.973875 0
    outer loop
      vertex -0.487725 2.45196 40
      vertex -0.647047 2.41481 0
      vertex -0.487725 2.45196 0
    endloop
  endfacet
  facet normal 0.290289 -0.956939 0
    outer loop
      vertex -0.803598 2.36732 0
      vertex -0.647047 2.41481 40
      vertex -0.803598 2.36732 40
    endloop
  endfacet
  facet normal 0.290289 -0.956939 0
    outer loop
      vertex -0.647047 2.41481 40
      vertex -0.803598 2.36732 0
      vertex -0.647047 2.41481 0
    endloop
  endfacet
  facet normal 0.0327028 -0.999465 0
    outer loop
      vertex -0.163507 2.49465 0
      vertex 0 2.5 40
      vertex -0.163507 2.49465 40
    endloop
  endfacet
  facet normal 0.0327028 -0.999465 0
    outer loop
      vertex 0 2.5 40
      vertex -0.163507 2.49465 0
      vertex 0 2.5 0
    endloop
  endfacet
  facet normal 0.4714 -0.881919 0
    outer loop
      vertex -1.25 2.16506 0
      vertex -1.10572 2.24218 40
      vertex -1.25 2.16506 40
    endloop
  endfacet
  facet normal 0.4714 -0.881919 0
    outer loop
      vertex -1.10572 2.24218 40
      vertex -1.25 2.16506 0
      vertex -1.10572 2.24218 0
    endloop
  endfacet
  facet normal 0.634382 -0.77302 0
    outer loop
      vertex -1.64836 1.8796 0
      vertex -1.5219 1.98338 40
      vertex -1.64836 1.8796 40
    endloop
  endfacet
  facet normal 0.634382 -0.77302 0
    outer loop
      vertex -1.5219 1.98338 40
      vertex -1.64836 1.8796 0
      vertex -1.5219 1.98338 0
    endloop
  endfacet
  facet normal 0.683561 -0.729894 0
    outer loop
      vertex -1.76777 1.76777 0
      vertex -1.64836 1.8796 40
      vertex -1.76777 1.76777 40
    endloop
  endfacet
  facet normal 0.683561 -0.729894 0
    outer loop
      vertex -1.64836 1.8796 40
      vertex -1.76777 1.76777 0
      vertex -1.64836 1.8796 0
    endloop
  endfacet
  facet normal -0.999465 0.0327028 0
    outer loop
      vertex 2.49465 -0.163507 0
      vertex 2.5 0 40
      vertex 2.5 0 0
    endloop
  endfacet
  facet normal -0.999465 0.0327028 0
    outer loop
      vertex 2.5 0 40
      vertex 2.49465 -0.163507 0
      vertex 2.49465 -0.163507 40
    endloop
  endfacet
  facet normal -0.0327028 0.999465 0
    outer loop
      vertex 0.163507 -2.49465 0
      vertex 0 -2.5 40
      vertex 0.163507 -2.49465 40
    endloop
  endfacet
  facet normal -0.0327028 0.999465 0
    outer loop
      vertex 0 -2.5 40
      vertex 0.163507 -2.49465 0
      vertex 0 -2.5 0
    endloop
  endfacet
  facet normal -0.986642 0.162902 0
    outer loop
      vertex 2.45196 -0.487725 0
      vertex 2.47861 -0.326315 40
      vertex 2.47861 -0.326315 0
    endloop
  endfacet
  facet normal -0.986642 0.162902 0
    outer loop
      vertex 2.47861 -0.326315 40
      vertex 2.45196 -0.487725 0
      vertex 2.45196 -0.487725 40
    endloop
  endfacet
  facet normal -0.0980463 0.995182 0
    outer loop
      vertex 0.326315 -2.47861 0
      vertex 0.163507 -2.49465 40
      vertex 0.326315 -2.47861 40
    endloop
  endfacet
  facet normal -0.0980463 0.995182 0
    outer loop
      vertex 0.163507 -2.49465 40
      vertex 0.326315 -2.47861 0
      vertex 0.163507 -2.49465 0
    endloop
  endfacet
  facet normal -0.352215 0.935919 0
    outer loop
      vertex 0.956708 -2.3097 0
      vertex 0.803598 -2.36732 40
      vertex 0.956708 -2.3097 40
    endloop
  endfacet
  facet normal -0.352215 0.935919 0
    outer loop
      vertex 0.803598 -2.36732 40
      vertex 0.956708 -2.3097 0
      vertex 0.803598 -2.36732 0
    endloop
  endfacet
  facet normal -0.227084 0.973875 0
    outer loop
      vertex 0.647047 -2.41481 0
      vertex 0.487725 -2.45196 40
      vertex 0.647047 -2.41481 40
    endloop
  endfacet
  facet normal -0.227084 0.973875 0
    outer loop
      vertex 0.487725 -2.45196 40
      vertex 0.647047 -2.41481 0
      vertex 0.487725 -2.45196 0
    endloop
  endfacet
  facet normal -0.683561 0.729894 0
    outer loop
      vertex 1.76777 -1.76777 0
      vertex 1.64836 -1.8796 40
      vertex 1.76777 -1.76777 40
    endloop
  endfacet
  facet normal -0.683561 0.729894 0
    outer loop
      vertex 1.64836 -1.8796 40
      vertex 1.76777 -1.76777 0
      vertex 1.64836 -1.8796 0
    endloop
  endfacet
  facet normal -0.634382 0.77302 0
    outer loop
      vertex 1.64836 -1.8796 0
      vertex 1.5219 -1.98338 40
      vertex 1.64836 -1.8796 40
    endloop
  endfacet
  facet normal -0.634382 0.77302 0
    outer loop
      vertex 1.5219 -1.98338 40
      vertex 1.64836 -1.8796 0
      vertex 1.5219 -1.98338 0
    endloop
  endfacet
  facet normal -0.4714 0.881919 0
    outer loop
      vertex 1.25 -2.16506 0
      vertex 1.10572 -2.24218 40
      vertex 1.25 -2.16506 40
    endloop
  endfacet
  facet normal -0.4714 0.881919 0
    outer loop
      vertex 1.10572 -2.24218 40
      vertex 1.25 -2.16506 0
      vertex 1.10572 -2.24218 0
    endloop
  endfacet
  facet normal 0.0327028 0.999465 -0
    outer loop
      vertex 0 -2.5 0
      vertex -0.163507 -2.49465 40
      vertex 0 -2.5 40
    endloop
  endfacet
  facet normal 0.0327028 0.999465 0
    outer loop
      vertex -0.163507 -2.49465 40
      vertex 0 -2.5 0
      vertex -0.163507 -2.49465 0
    endloop
  endfacet
  facet normal 0.290289 0.956939 -0
    outer loop
      vertex -0.647047 -2.41481 0
      vertex -0.803598 -2.36732 40
      vertex -0.647047 -2.41481 40
    endloop
  endfacet
  facet normal 0.290289 0.956939 0
    outer loop
      vertex -0.803598 -2.36732 40
      vertex -0.647047 -2.41481 0
      vertex -0.803598 -2.36732 0
    endloop
  endfacet
  facet normal 0.528058 0.849208 -0
    outer loop
      vertex -1.25 -2.16506 0
      vertex -1.38893 -2.07867 40
      vertex -1.25 -2.16506 40
    endloop
  endfacet
  facet normal 0.528058 0.849208 0
    outer loop
      vertex -1.38893 -2.07867 40
      vertex -1.25 -2.16506 0
      vertex -1.38893 -2.07867 0
    endloop
  endfacet
  facet normal 0.582498 0.812832 -0
    outer loop
      vertex -1.38893 -2.07867 0
      vertex -1.5219 -1.98338 40
      vertex -1.38893 -2.07867 40
    endloop
  endfacet
  facet normal 0.582498 0.812832 0
    outer loop
      vertex -1.5219 -1.98338 40
      vertex -1.38893 -2.07867 0
      vertex -1.5219 -1.98338 0
    endloop
  endfacet
  facet normal 0.973875 0.227084 0
    outer loop
      vertex -2.41481 -0.647047 40
      vertex -2.45196 -0.487725 0
      vertex -2.45196 -0.487725 40
    endloop
  endfacet
  facet normal 0.973875 0.227084 0
    outer loop
      vertex -2.45196 -0.487725 0
      vertex -2.41481 -0.647047 40
      vertex -2.41481 -0.647047 0
    endloop
  endfacet
  facet normal 0.935919 0.352215 0
    outer loop
      vertex -2.3097 -0.956708 40
      vertex -2.36732 -0.803598 0
      vertex -2.36732 -0.803598 40
    endloop
  endfacet
  facet normal 0.935919 0.352215 0
    outer loop
      vertex -2.36732 -0.803598 0
      vertex -2.3097 -0.956708 40
      vertex -2.3097 -0.956708 0
    endloop
  endfacet
  facet normal 0.986642 0.162902 0
    outer loop
      vertex -2.45196 -0.487725 40
      vertex -2.47861 -0.326315 0
      vertex -2.47861 -0.326315 40
    endloop
  endfacet
  facet normal 0.986642 0.162902 0
    outer loop
      vertex -2.47861 -0.326315 0
      vertex -2.45196 -0.487725 40
      vertex -2.45196 -0.487725 0
    endloop
  endfacet
  facet normal 0.999465 0.0327028 0
    outer loop
      vertex -2.49465 -0.163507 40
      vertex -2.5 0 0
      vertex -2.5 0 40
    endloop
  endfacet
  facet normal 0.999465 0.0327028 0
    outer loop
      vertex -2.5 0 0
      vertex -2.49465 -0.163507 40
      vertex -2.49465 -0.163507 0
    endloop
  endfacet
  facet normal 0.881919 0.4714 0
    outer loop
      vertex -2.16506 -1.25 40
      vertex -2.24218 -1.10572 0
      vertex -2.24218 -1.10572 40
    endloop
  endfacet
  facet normal 0.881919 0.4714 0
    outer loop
      vertex -2.24218 -1.10572 0
      vertex -2.16506 -1.25 40
      vertex -2.16506 -1.25 0
    endloop
  endfacet
  facet normal -0.0980463 -0.995182 0
    outer loop
      vertex 0.163507 2.49465 0
      vertex 0.326315 2.47861 40
      vertex 0.163507 2.49465 40
    endloop
  endfacet
  facet normal -0.0980463 -0.995182 -0
    outer loop
      vertex 0.326315 2.47861 40
      vertex 0.163507 2.49465 0
      vertex 0.326315 2.47861 0
    endloop
  endfacet
  facet normal 0.995182 -0.0980463 0
    outer loop
      vertex -2.49465 0.163507 40
      vertex -2.47861 0.326315 0
      vertex -2.47861 0.326315 40
    endloop
  endfacet
  facet normal 0.995182 -0.0980463 0
    outer loop
      vertex -2.47861 0.326315 0
      vertex -2.49465 0.163507 40
      vertex -2.49465 0.163507 0
    endloop
  endfacet
  facet normal -0.973875 0.227084 0
    outer loop
      vertex 2.41481 -0.647047 0
      vertex 2.45196 -0.487725 40
      vertex 2.45196 -0.487725 0
    endloop
  endfacet
  facet normal -0.973875 0.227084 0
    outer loop
      vertex 2.45196 -0.487725 40
      vertex 2.41481 -0.647047 0
      vertex 2.41481 -0.647047 40
    endloop
  endfacet
  facet normal -0.910856 0.412725 0
    outer loop
      vertex 2.24218 -1.10572 0
      vertex 2.3097 -0.956708 40
      vertex 2.3097 -0.956708 0
    endloop
  endfacet
  facet normal -0.910856 0.412725 0
    outer loop
      vertex 2.3097 -0.956708 40
      vertex 2.24218 -1.10572 0
      vertex 2.24218 -1.10572 40
    endloop
  endfacet
  facet normal -0.290289 0.956939 0
    outer loop
      vertex 0.803598 -2.36732 0
      vertex 0.647047 -2.41481 40
      vertex 0.803598 -2.36732 40
    endloop
  endfacet
  facet normal -0.290289 0.956939 0
    outer loop
      vertex 0.647047 -2.41481 40
      vertex 0.803598 -2.36732 0
      vertex 0.647047 -2.41481 0
    endloop
  endfacet
  facet normal 0.227084 0.973875 -0
    outer loop
      vertex -0.487725 -2.45196 0
      vertex -0.647047 -2.41481 40
      vertex -0.487725 -2.45196 40
    endloop
  endfacet
  facet normal 0.227084 0.973875 0
    outer loop
      vertex -0.647047 -2.41481 40
      vertex -0.487725 -2.45196 0
      vertex -0.647047 -2.41481 0
    endloop
  endfacet
  facet normal 0.4714 0.881919 -0
    outer loop
      vertex -1.10572 -2.24218 0
      vertex -1.25 -2.16506 40
      vertex -1.10572 -2.24218 40
    endloop
  endfacet
  facet normal 0.4714 0.881919 0
    outer loop
      vertex -1.25 -2.16506 40
      vertex -1.10572 -2.24218 0
      vertex -1.25 -2.16506 0
    endloop
  endfacet
  facet normal 0.634382 0.77302 -0
    outer loop
      vertex -1.5219 -1.98338 0
      vertex -1.64836 -1.8796 40
      vertex -1.5219 -1.98338 40
    endloop
  endfacet
  facet normal 0.634382 0.77302 0
    outer loop
      vertex -1.64836 -1.8796 40
      vertex -1.5219 -1.98338 0
      vertex -1.64836 -1.8796 0
    endloop
  endfacet
  facet normal 0.956939 0.290289 0
    outer loop
      vertex -2.36732 -0.803598 40
      vertex -2.41481 -0.647047 0
      vertex -2.41481 -0.647047 40
    endloop
  endfacet
  facet normal 0.956939 0.290289 0
    outer loop
      vertex -2.41481 -0.647047 0
      vertex -2.36732 -0.803598 40
      vertex -2.36732 -0.803598 0
    endloop
  endfacet
  facet normal 0.849208 0.528058 0
    outer loop
      vertex -2.07867 -1.38893 40
      vertex -2.16506 -1.25 0
      vertex -2.16506 -1.25 40
    endloop
  endfacet
  facet normal 0.849208 0.528058 0
    outer loop
      vertex -2.16506 -1.25 0
      vertex -2.07867 -1.38893 40
      vertex -2.07867 -1.38893 0
    endloop
  endfacet
  facet normal 0.729894 0.683561 0
    outer loop
      vertex -1.76777 -1.76777 40
      vertex -1.8796 -1.64836 0
      vertex -1.8796 -1.64836 40
    endloop
  endfacet
  facet normal 0.729894 0.683561 0
    outer loop
      vertex -1.8796 -1.64836 0
      vertex -1.76777 -1.76777 40
      vertex -1.76777 -1.76777 0
    endloop
  endfacet
  facet normal -0.77302 0.634382 0
    outer loop
      vertex 1.8796 -1.64836 0
      vertex 1.98338 -1.5219 40
      vertex 1.98338 -1.5219 0
    endloop
  endfacet
  facet normal -0.77302 0.634382 0
    outer loop
      vertex 1.98338 -1.5219 40
      vertex 1.8796 -1.64836 0
      vertex 1.8796 -1.64836 40
    endloop
  endfacet
  facet normal -0.849208 0.528058 0
    outer loop
      vertex 2.07867 -1.38893 0
      vertex 2.16506 -1.25 40
      vertex 2.16506 -1.25 0
    endloop
  endfacet
  facet normal -0.849208 0.528058 0
    outer loop
      vertex 2.16506 -1.25 40
      vertex 2.07867 -1.38893 0
      vertex 2.07867 -1.38893 40
    endloop
  endfacet
  facet normal -0.812832 0.582498 0
    outer loop
      vertex 1.98338 -1.5219 0
      vertex 2.07867 -1.38893 40
      vertex 2.07867 -1.38893 0
    endloop
  endfacet
  facet normal -0.812832 0.582498 0
    outer loop
      vertex 2.07867 -1.38893 40
      vertex 1.98338 -1.5219 0
      vertex 1.98338 -1.5219 40
    endloop
  endfacet
  facet normal -0.881919 0.4714 0
    outer loop
      vertex 2.16506 -1.25 0
      vertex 2.24218 -1.10572 40
      vertex 2.24218 -1.10572 0
    endloop
  endfacet
  facet normal -0.881919 0.4714 0
    outer loop
      vertex 2.24218 -1.10572 40
      vertex 2.16506 -1.25 0
      vertex 2.16506 -1.25 40
    endloop
  endfacet
endsolid OpenSCAD_Model
