solid OpenSCAD_Model
  facet normal 0.98917 0.146778 0
    outer loop
      vertex -7.70195 -3.38772 3
      vertex -7.73796 -3.14504 0
      vertex -7.73796 -3.14504 3
    endloop
  endfacet
  facet normal 0.98917 0.146778 0
    outer loop
      vertex -7.73796 -3.14504 0
      vertex -7.70195 -3.38772 3
      vertex -7.70195 -3.38772 0
    endloop
  endfacet
  facet normal 1 -0 0
    outer loop
      vertex -7.75 -2.9 3
      vertex -7.75 6.1 0
      vertex -7.75 6.1 3
    endloop
  endfacet
  facet normal 1 0 0
    outer loop
      vertex -7.75 6.1 0
      vertex -7.75 -2.9 3
      vertex -7.75 -2.9 0
    endloop
  endfacet
  facet normal -0.998795 -0.0490756 0
    outer loop
      vertex -2.75 6.1 0
      vertex -2.76204 6.34504 3
      vertex -2.76204 6.34504 0
    endloop
  endfacet
  facet normal -0.998795 -0.0490756 0
    outer loop
      vertex -2.76204 6.34504 3
      vertex -2.75 6.1 0
      vertex -2.75 6.1 3
    endloop
  endfacet
  facet normal 0.998795 0.0490756 0
    outer loop
      vertex -7.73796 -3.14504 3
      vertex -7.75 -2.9 0
      vertex -7.75 -2.9 3
    endloop
  endfacet
  facet normal 0.998795 0.0490756 0
    outer loop
      vertex -7.75 -2.9 0
      vertex -7.73796 -3.14504 3
      vertex -7.73796 -3.14504 0
    endloop
  endfacet
  facet normal 0.857734 -0.514094 0
    outer loop
      vertex -7.45479 7.27848 3
      vertex -7.32866 7.48892 0
      vertex -7.32866 7.48892 3
    endloop
  endfacet
  facet normal 0.857734 -0.514094 0
    outer loop
      vertex -7.32866 7.48892 0
      vertex -7.45479 7.27848 3
      vertex -7.45479 7.27848 0
    endloop
  endfacet
  facet normal -0.242929 -0.970044 0
    outer loop
      vertex -4.76228 8.55195 0
      vertex -4.52429 8.49235 3
      vertex -4.76228 8.55195 3
    endloop
  endfacet
  facet normal -0.242929 -0.970044 -0
    outer loop
      vertex -4.52429 8.49235 3
      vertex -4.76228 8.55195 0
      vertex -4.52429 8.49235 0
    endloop
  endfacet
  facet normal 0.998795 -0.0490756 0
    outer loop
      vertex -7.75 6.1 3
      vertex -7.73796 6.34504 0
      vertex -7.73796 6.34504 3
    endloop
  endfacet
  facet normal 0.998795 -0.0490756 0
    outer loop
      vertex -7.73796 6.34504 0
      vertex -7.75 6.1 3
      vertex -7.75 6.1 0
    endloop
  endfacet
  facet normal -0.998795 0.0490756 0
    outer loop
      vertex -2.76204 -3.14504 0
      vertex -2.75 -2.9 3
      vertex -2.75 -2.9 0
    endloop
  endfacet
  facet normal -0.998795 0.0490756 0
    outer loop
      vertex -2.75 -2.9 3
      vertex -2.76204 -3.14504 0
      vertex -2.76204 -3.14504 3
    endloop
  endfacet
  facet normal -1 0 0
    outer loop
      vertex -2.75 -2.9 0
      vertex -2.75 6.1 3
      vertex -2.75 6.1 0
    endloop
  endfacet
  facet normal -1 -0 0
    outer loop
      vertex -2.75 6.1 3
      vertex -2.75 -2.9 0
      vertex -2.75 -2.9 3
    endloop
  endfacet
  facet normal -0.740941 -0.67157 0
    outer loop
      vertex -3.31747 7.68597 0
      vertex -3.48224 7.86776 3
      vertex -3.48224 7.86776 0
    endloop
  endfacet
  facet normal -0.740941 -0.67157 0
    outer loop
      vertex -3.48224 7.86776 3
      vertex -3.31747 7.68597 0
      vertex -3.31747 7.68597 3
    endloop
  endfacet
  facet normal 0.336928 -0.941531 0
    outer loop
      vertex -6.2067 8.40969 0
      vertex -5.97571 8.49235 3
      vertex -6.2067 8.40969 3
    endloop
  endfacet
  facet normal 0.336928 -0.941531 0
    outer loop
      vertex -5.97571 8.49235 3
      vertex -6.2067 8.40969 0
      vertex -5.97571 8.49235 0
    endloop
  endfacet
  facet normal 0.0490756 -0.998795 0
    outer loop
      vertex -5.49504 8.58796 0
      vertex -5.25 8.6 3
      vertex -5.49504 8.58796 3
    endloop
  endfacet
  facet normal 0.0490756 -0.998795 0
    outer loop
      vertex -5.25 8.6 3
      vertex -5.49504 8.58796 0
      vertex -5.25 8.6 0
    endloop
  endfacet
  facet normal 0.941526 -0.336941 0
    outer loop
      vertex -7.64235 6.82571 3
      vertex -7.55969 7.05669 0
      vertex -7.55969 7.05669 3
    endloop
  endfacet
  facet normal 0.941526 -0.336941 0
    outer loop
      vertex -7.55969 7.05669 0
      vertex -7.64235 6.82571 3
      vertex -7.64235 6.82571 0
    endloop
  endfacet
  facet normal 0.903987 -0.427559 0
    outer loop
      vertex -7.55969 7.05669 3
      vertex -7.45479 7.27848 0
      vertex -7.45479 7.27848 3
    endloop
  endfacet
  facet normal 0.903987 -0.427559 0
    outer loop
      vertex -7.45479 7.27848 0
      vertex -7.55969 7.05669 3
      vertex -7.55969 7.05669 0
    endloop
  endfacet
  facet normal -0.90398 0.427575 0
    outer loop
      vertex -3.04521 -4.07848 0
      vertex -2.94031 -3.8567 3
      vertex -2.94031 -3.8567 0
    endloop
  endfacet
  facet normal -0.90398 0.427575 0
    outer loop
      vertex -2.94031 -3.8567 3
      vertex -3.04521 -4.07848 0
      vertex -3.04521 -4.07848 3
    endloop
  endfacet
  facet normal -0.941526 -0.336941 0
    outer loop
      vertex -2.85765 6.82571 0
      vertex -2.94031 7.05669 3
      vertex -2.94031 7.05669 0
    endloop
  endfacet
  facet normal -0.941526 -0.336941 0
    outer loop
      vertex -2.94031 7.05669 3
      vertex -2.85765 6.82571 0
      vertex -2.85765 6.82571 3
    endloop
  endfacet
  facet normal -0.514094 -0.857734 0
    outer loop
      vertex -4.07152 8.30479 0
      vertex -3.86108 8.17866 3
      vertex -4.07152 8.30479 3
    endloop
  endfacet
  facet normal -0.514094 -0.857734 -0
    outer loop
      vertex -3.86108 8.17866 3
      vertex -4.07152 8.30479 0
      vertex -3.86108 8.17866 0
    endloop
  endfacet
  facet normal -0.67157 -0.740941 0
    outer loop
      vertex -3.66403 8.03253 0
      vertex -3.48224 7.86776 3
      vertex -3.66403 8.03253 3
    endloop
  endfacet
  facet normal -0.67157 -0.740941 -0
    outer loop
      vertex -3.48224 7.86776 3
      vertex -3.66403 8.03253 0
      vertex -3.48224 7.86776 0
    endloop
  endfacet
  facet normal 0.67157 -0.740941 0
    outer loop
      vertex -7.01776 7.86776 0
      vertex -6.83597 8.03253 3
      vertex -7.01776 7.86776 3
    endloop
  endfacet
  facet normal 0.67157 -0.740941 0
    outer loop
      vertex -6.83597 8.03253 3
      vertex -7.01776 7.86776 0
      vertex -6.83597 8.03253 0
    endloop
  endfacet
  facet normal 0.740941 -0.67157 0
    outer loop
      vertex -7.18253 7.68597 3
      vertex -7.01776 7.86776 0
      vertex -7.01776 7.86776 3
    endloop
  endfacet
  facet normal 0.740941 -0.67157 0
    outer loop
      vertex -7.01776 7.86776 0
      vertex -7.18253 7.68597 3
      vertex -7.18253 7.68597 0
    endloop
  endfacet
  facet normal -0.146778 -0.98917 0
    outer loop
      vertex -5.00496 8.58796 0
      vertex -4.76228 8.55195 3
      vertex -5.00496 8.58796 3
    endloop
  endfacet
  facet normal -0.146778 -0.98917 -0
    outer loop
      vertex -4.76228 8.55195 3
      vertex -5.00496 8.58796 0
      vertex -4.76228 8.55195 0
    endloop
  endfacet
  facet normal 0.98917 -0.146778 0
    outer loop
      vertex -7.73796 6.34504 3
      vertex -7.70195 6.58772 0
      vertex -7.70195 6.58772 3
    endloop
  endfacet
  facet normal 0.98917 -0.146778 0
    outer loop
      vertex -7.70195 6.58772 0
      vertex -7.73796 6.34504 3
      vertex -7.73796 6.34504 0
    endloop
  endfacet
  facet normal 0.970044 -0.242929 0
    outer loop
      vertex -7.70195 6.58772 3
      vertex -7.64235 6.82571 0
      vertex -7.64235 6.82571 3
    endloop
  endfacet
  facet normal 0.970044 -0.242929 0
    outer loop
      vertex -7.64235 6.82571 0
      vertex -7.70195 6.58772 3
      vertex -7.70195 6.58772 0
    endloop
  endfacet
  facet normal -0.941531 0.336928 0
    outer loop
      vertex -2.94031 -3.8567 0
      vertex -2.85765 -3.62571 3
      vertex -2.85765 -3.62571 0
    endloop
  endfacet
  facet normal -0.941531 0.336928 0
    outer loop
      vertex -2.85765 -3.62571 3
      vertex -2.94031 -3.8567 0
      vertex -2.94031 -3.8567 3
    endloop
  endfacet
  facet normal -0.970044 0.242929 0
    outer loop
      vertex -2.85765 -3.62571 0
      vertex -2.79805 -3.38772 3
      vertex -2.79805 -3.38772 0
    endloop
  endfacet
  facet normal -0.970044 0.242929 0
    outer loop
      vertex -2.79805 -3.38772 3
      vertex -2.85765 -3.62571 0
      vertex -2.85765 -3.62571 3
    endloop
  endfacet
  facet normal -0.242929 0.970044 0
    outer loop
      vertex -4.52429 -5.29235 0
      vertex -4.76228 -5.35195 3
      vertex -4.52429 -5.29235 3
    endloop
  endfacet
  facet normal -0.242929 0.970044 0
    outer loop
      vertex -4.76228 -5.35195 3
      vertex -4.52429 -5.29235 0
      vertex -4.76228 -5.35195 0
    endloop
  endfacet
  facet normal -0.740941 0.67157 0
    outer loop
      vertex -3.48224 -4.66776 0
      vertex -3.31747 -4.48597 3
      vertex -3.31747 -4.48597 0
    endloop
  endfacet
  facet normal -0.740941 0.67157 0
    outer loop
      vertex -3.31747 -4.48597 3
      vertex -3.48224 -4.66776 0
      vertex -3.48224 -4.66776 3
    endloop
  endfacet
  facet normal 0.336928 0.941531 -0
    outer loop
      vertex -5.97571 -5.29235 0
      vertex -6.2067 -5.20969 3
      vertex -5.97571 -5.29235 3
    endloop
  endfacet
  facet normal 0.336928 0.941531 0
    outer loop
      vertex -6.2067 -5.20969 3
      vertex -5.97571 -5.29235 0
      vertex -6.2067 -5.20969 0
    endloop
  endfacet
  facet normal 0.970044 0.242929 0
    outer loop
      vertex -7.64235 -3.62571 3
      vertex -7.70195 -3.38772 0
      vertex -7.70195 -3.38772 3
    endloop
  endfacet
  facet normal 0.970044 0.242929 0
    outer loop
      vertex -7.70195 -3.38772 0
      vertex -7.64235 -3.62571 3
      vertex -7.64235 -3.62571 0
    endloop
  endfacet
  facet normal -0.970044 -0.242929 0
    outer loop
      vertex -2.79805 6.58772 0
      vertex -2.85765 6.82571 3
      vertex -2.85765 6.82571 0
    endloop
  endfacet
  facet normal -0.970044 -0.242929 0
    outer loop
      vertex -2.85765 6.82571 3
      vertex -2.79805 6.58772 0
      vertex -2.79805 6.58772 3
    endloop
  endfacet
  facet normal -0.98917 -0.146778 0
    outer loop
      vertex -2.76204 6.34504 0
      vertex -2.79805 6.58772 3
      vertex -2.79805 6.58772 0
    endloop
  endfacet
  facet normal -0.98917 -0.146778 0
    outer loop
      vertex -2.79805 6.58772 3
      vertex -2.76204 6.34504 0
      vertex -2.76204 6.34504 3
    endloop
  endfacet
  facet normal -0.857734 -0.514094 0
    outer loop
      vertex -3.04521 7.27848 0
      vertex -3.17134 7.48892 3
      vertex -3.17134 7.48892 0
    endloop
  endfacet
  facet normal -0.857734 -0.514094 0
    outer loop
      vertex -3.17134 7.48892 3
      vertex -3.04521 7.27848 0
      vertex -3.04521 7.27848 3
    endloop
  endfacet
  facet normal -0.803231 -0.595667 0
    outer loop
      vertex -3.17134 7.48892 0
      vertex -3.31747 7.68597 3
      vertex -3.31747 7.68597 0
    endloop
  endfacet
  facet normal -0.803231 -0.595667 0
    outer loop
      vertex -3.31747 7.68597 3
      vertex -3.17134 7.48892 0
      vertex -3.17134 7.48892 3
    endloop
  endfacet
  facet normal -0.903987 -0.427559 0
    outer loop
      vertex -2.94031 7.05669 0
      vertex -3.04521 7.27848 3
      vertex -3.04521 7.27848 0
    endloop
  endfacet
  facet normal -0.903987 -0.427559 0
    outer loop
      vertex -3.04521 7.27848 3
      vertex -2.94031 7.05669 0
      vertex -2.94031 7.05669 3
    endloop
  endfacet
  facet normal -0.427575 -0.90398 0
    outer loop
      vertex -4.2933 8.40969 0
      vertex -4.07152 8.30479 3
      vertex -4.2933 8.40969 3
    endloop
  endfacet
  facet normal -0.427575 -0.90398 -0
    outer loop
      vertex -4.07152 8.30479 3
      vertex -4.2933 8.40969 0
      vertex -4.07152 8.30479 0
    endloop
  endfacet
  facet normal -0.336928 -0.941531 0
    outer loop
      vertex -4.52429 8.49235 0
      vertex -4.2933 8.40969 3
      vertex -4.52429 8.49235 3
    endloop
  endfacet
  facet normal -0.336928 -0.941531 -0
    outer loop
      vertex -4.2933 8.40969 3
      vertex -4.52429 8.49235 0
      vertex -4.2933 8.40969 0
    endloop
  endfacet
  facet normal -0.595667 -0.803231 0
    outer loop
      vertex -3.86108 8.17866 0
      vertex -3.66403 8.03253 3
      vertex -3.86108 8.17866 3
    endloop
  endfacet
  facet normal -0.595667 -0.803231 -0
    outer loop
      vertex -3.66403 8.03253 3
      vertex -3.86108 8.17866 0
      vertex -3.66403 8.03253 0
    endloop
  endfacet
  facet normal 0.514094 -0.857734 0
    outer loop
      vertex -6.63892 8.17866 0
      vertex -6.42848 8.30479 3
      vertex -6.63892 8.17866 3
    endloop
  endfacet
  facet normal 0.514094 -0.857734 0
    outer loop
      vertex -6.42848 8.30479 3
      vertex -6.63892 8.17866 0
      vertex -6.42848 8.30479 0
    endloop
  endfacet
  facet normal 0.427575 -0.90398 0
    outer loop
      vertex -6.42848 8.30479 0
      vertex -6.2067 8.40969 3
      vertex -6.42848 8.30479 3
    endloop
  endfacet
  facet normal 0.427575 -0.90398 0
    outer loop
      vertex -6.2067 8.40969 3
      vertex -6.42848 8.30479 0
      vertex -6.2067 8.40969 0
    endloop
  endfacet
  facet normal 0.595667 -0.803231 0
    outer loop
      vertex -6.83597 8.03253 0
      vertex -6.63892 8.17866 3
      vertex -6.83597 8.03253 3
    endloop
  endfacet
  facet normal 0.595667 -0.803231 0
    outer loop
      vertex -6.63892 8.17866 3
      vertex -6.83597 8.03253 0
      vertex -6.63892 8.17866 0
    endloop
  endfacet
  facet normal 0.803231 -0.595667 0
    outer loop
      vertex -7.32866 7.48892 3
      vertex -7.18253 7.68597 0
      vertex -7.18253 7.68597 3
    endloop
  endfacet
  facet normal 0.803231 -0.595667 0
    outer loop
      vertex -7.18253 7.68597 0
      vertex -7.32866 7.48892 3
      vertex -7.32866 7.48892 0
    endloop
  endfacet
  facet normal 0.146778 -0.98917 0
    outer loop
      vertex -5.73772 8.55195 0
      vertex -5.49504 8.58796 3
      vertex -5.73772 8.55195 3
    endloop
  endfacet
  facet normal 0.146778 -0.98917 0
    outer loop
      vertex -5.49504 8.58796 3
      vertex -5.73772 8.55195 0
      vertex -5.49504 8.58796 0
    endloop
  endfacet
  facet normal 0.242929 -0.970044 0
    outer loop
      vertex -5.97571 8.49235 0
      vertex -5.73772 8.55195 3
      vertex -5.97571 8.49235 3
    endloop
  endfacet
  facet normal 0.242929 -0.970044 0
    outer loop
      vertex -5.73772 8.55195 3
      vertex -5.97571 8.49235 0
      vertex -5.73772 8.55195 0
    endloop
  endfacet
  facet normal -0.0490756 -0.998795 0
    outer loop
      vertex -5.25 8.6 0
      vertex -5.00496 8.58796 3
      vertex -5.25 8.6 3
    endloop
  endfacet
  facet normal -0.0490756 -0.998795 -0
    outer loop
      vertex -5.00496 8.58796 3
      vertex -5.25 8.6 0
      vertex -5.00496 8.58796 0
    endloop
  endfacet
  facet normal -0.98917 0.146778 0
    outer loop
      vertex -2.79805 -3.38772 0
      vertex -2.76204 -3.14504 3
      vertex -2.76204 -3.14504 0
    endloop
  endfacet
  facet normal -0.98917 0.146778 0
    outer loop
      vertex -2.76204 -3.14504 3
      vertex -2.79805 -3.38772 0
      vertex -2.79805 -3.38772 3
    endloop
  endfacet
  facet normal 0.0490756 0.998795 -0
    outer loop
      vertex -5.25 -5.4 0
      vertex -5.49504 -5.38796 3
      vertex -5.25 -5.4 3
    endloop
  endfacet
  facet normal 0.0490756 0.998795 0
    outer loop
      vertex -5.49504 -5.38796 3
      vertex -5.25 -5.4 0
      vertex -5.49504 -5.38796 0
    endloop
  endfacet
  facet normal -0.146778 0.98917 0
    outer loop
      vertex -4.76228 -5.35195 0
      vertex -5.00496 -5.38796 3
      vertex -4.76228 -5.35195 3
    endloop
  endfacet
  facet normal -0.146778 0.98917 0
    outer loop
      vertex -5.00496 -5.38796 3
      vertex -4.76228 -5.35195 0
      vertex -5.00496 -5.38796 0
    endloop
  endfacet
  facet normal -0.336928 0.941531 0
    outer loop
      vertex -4.2933 -5.20969 0
      vertex -4.52429 -5.29235 3
      vertex -4.2933 -5.20969 3
    endloop
  endfacet
  facet normal -0.336928 0.941531 0
    outer loop
      vertex -4.52429 -5.29235 3
      vertex -4.2933 -5.20969 0
      vertex -4.52429 -5.29235 0
    endloop
  endfacet
  facet normal -0.514094 0.857734 0
    outer loop
      vertex -3.86108 -4.97866 0
      vertex -4.07152 -5.10479 3
      vertex -3.86108 -4.97866 3
    endloop
  endfacet
  facet normal -0.514094 0.857734 0
    outer loop
      vertex -4.07152 -5.10479 3
      vertex -3.86108 -4.97866 0
      vertex -4.07152 -5.10479 0
    endloop
  endfacet
  facet normal -0.67157 0.740941 0
    outer loop
      vertex -3.48224 -4.66776 0
      vertex -3.66403 -4.83253 3
      vertex -3.48224 -4.66776 3
    endloop
  endfacet
  facet normal -0.67157 0.740941 0
    outer loop
      vertex -3.66403 -4.83253 3
      vertex -3.48224 -4.66776 0
      vertex -3.66403 -4.83253 0
    endloop
  endfacet
  facet normal -0.803231 0.595667 0
    outer loop
      vertex -3.31747 -4.48597 0
      vertex -3.17134 -4.28892 3
      vertex -3.17134 -4.28892 0
    endloop
  endfacet
  facet normal -0.803231 0.595667 0
    outer loop
      vertex -3.17134 -4.28892 3
      vertex -3.31747 -4.48597 0
      vertex -3.31747 -4.48597 3
    endloop
  endfacet
  facet normal 0.67157 0.740941 -0
    outer loop
      vertex -6.83597 -4.83253 0
      vertex -7.01776 -4.66776 3
      vertex -6.83597 -4.83253 3
    endloop
  endfacet
  facet normal 0.67157 0.740941 0
    outer loop
      vertex -7.01776 -4.66776 3
      vertex -6.83597 -4.83253 0
      vertex -7.01776 -4.66776 0
    endloop
  endfacet
  facet normal 0.514094 0.857734 -0
    outer loop
      vertex -6.42848 -5.10479 0
      vertex -6.63892 -4.97866 3
      vertex -6.42848 -5.10479 3
    endloop
  endfacet
  facet normal 0.514094 0.857734 0
    outer loop
      vertex -6.63892 -4.97866 3
      vertex -6.42848 -5.10479 0
      vertex -6.63892 -4.97866 0
    endloop
  endfacet
  facet normal 0.242929 0.970044 -0
    outer loop
      vertex -5.73772 -5.35195 0
      vertex -5.97571 -5.29235 3
      vertex -5.73772 -5.35195 3
    endloop
  endfacet
  facet normal 0.242929 0.970044 0
    outer loop
      vertex -5.97571 -5.29235 3
      vertex -5.73772 -5.35195 0
      vertex -5.97571 -5.29235 0
    endloop
  endfacet
  facet normal 0.857734 0.514094 0
    outer loop
      vertex -7.32866 -4.28892 3
      vertex -7.45479 -4.07848 0
      vertex -7.45479 -4.07848 3
    endloop
  endfacet
  facet normal 0.857734 0.514094 0
    outer loop
      vertex -7.45479 -4.07848 0
      vertex -7.32866 -4.28892 3
      vertex -7.32866 -4.28892 0
    endloop
  endfacet
  facet normal 0.740941 0.67157 0
    outer loop
      vertex -7.01776 -4.66776 3
      vertex -7.18253 -4.48597 0
      vertex -7.18253 -4.48597 3
    endloop
  endfacet
  facet normal 0.740941 0.67157 0
    outer loop
      vertex -7.18253 -4.48597 0
      vertex -7.01776 -4.66776 3
      vertex -7.01776 -4.66776 0
    endloop
  endfacet
  facet normal 0.941531 0.336928 0
    outer loop
      vertex -7.55969 -3.8567 3
      vertex -7.64235 -3.62571 0
      vertex -7.64235 -3.62571 3
    endloop
  endfacet
  facet normal 0.941531 0.336928 0
    outer loop
      vertex -7.64235 -3.62571 0
      vertex -7.55969 -3.8567 3
      vertex -7.55969 -3.8567 0
    endloop
  endfacet
  facet normal -0.0490756 0.998795 0
    outer loop
      vertex -5.00496 -5.38796 0
      vertex -5.25 -5.4 3
      vertex -5.00496 -5.38796 3
    endloop
  endfacet
  facet normal -0.0490756 0.998795 0
    outer loop
      vertex -5.25 -5.4 3
      vertex -5.00496 -5.38796 0
      vertex -5.25 -5.4 0
    endloop
  endfacet
  facet normal -0.427575 0.90398 0
    outer loop
      vertex -4.07152 -5.10479 0
      vertex -4.2933 -5.20969 3
      vertex -4.07152 -5.10479 3
    endloop
  endfacet
  facet normal -0.427575 0.90398 0
    outer loop
      vertex -4.2933 -5.20969 3
      vertex -4.07152 -5.10479 0
      vertex -4.2933 -5.20969 0
    endloop
  endfacet
  facet normal -0.595667 0.803231 0
    outer loop
      vertex -3.66403 -4.83253 0
      vertex -3.86108 -4.97866 3
      vertex -3.66403 -4.83253 3
    endloop
  endfacet
  facet normal -0.595667 0.803231 0
    outer loop
      vertex -3.86108 -4.97866 3
      vertex -3.66403 -4.83253 0
      vertex -3.86108 -4.97866 0
    endloop
  endfacet
  facet normal -0.857734 0.514094 0
    outer loop
      vertex -3.17134 -4.28892 0
      vertex -3.04521 -4.07848 3
      vertex -3.04521 -4.07848 0
    endloop
  endfacet
  facet normal -0.857734 0.514094 0
    outer loop
      vertex -3.04521 -4.07848 3
      vertex -3.17134 -4.28892 0
      vertex -3.17134 -4.28892 3
    endloop
  endfacet
  facet normal 0.595667 0.803231 -0
    outer loop
      vertex -6.63892 -4.97866 0
      vertex -6.83597 -4.83253 3
      vertex -6.63892 -4.97866 3
    endloop
  endfacet
  facet normal 0.595667 0.803231 0
    outer loop
      vertex -6.83597 -4.83253 3
      vertex -6.63892 -4.97866 0
      vertex -6.83597 -4.83253 0
    endloop
  endfacet
  facet normal 0.427575 0.90398 -0
    outer loop
      vertex -6.2067 -5.20969 0
      vertex -6.42848 -5.10479 3
      vertex -6.2067 -5.20969 3
    endloop
  endfacet
  facet normal 0.427575 0.90398 0
    outer loop
      vertex -6.42848 -5.10479 3
      vertex -6.2067 -5.20969 0
      vertex -6.42848 -5.10479 0
    endloop
  endfacet
  facet normal 0.146778 0.98917 -0
    outer loop
      vertex -5.49504 -5.38796 0
      vertex -5.73772 -5.35195 3
      vertex -5.49504 -5.38796 3
    endloop
  endfacet
  facet normal 0.146778 0.98917 0
    outer loop
      vertex -5.73772 -5.35195 3
      vertex -5.49504 -5.38796 0
      vertex -5.73772 -5.35195 0
    endloop
  endfacet
  facet normal 0.803231 0.595667 0
    outer loop
      vertex -7.18253 -4.48597 3
      vertex -7.32866 -4.28892 0
      vertex -7.32866 -4.28892 3
    endloop
  endfacet
  facet normal 0.803231 0.595667 0
    outer loop
      vertex -7.32866 -4.28892 0
      vertex -7.18253 -4.48597 3
      vertex -7.18253 -4.48597 0
    endloop
  endfacet
  facet normal 0.90398 0.427575 0
    outer loop
      vertex -7.45479 -4.07848 3
      vertex -7.55969 -3.8567 0
      vertex -7.55969 -3.8567 3
    endloop
  endfacet
  facet normal 0.90398 0.427575 0
    outer loop
      vertex -7.55969 -3.8567 0
      vertex -7.45479 -4.07848 3
      vertex -7.45479 -4.07848 0
    endloop
  endfacet
  facet normal 0.98917 0.146778 0
    outer loop
      vertex 2.79805 -3.38772 3
      vertex 2.76204 -3.14504 0
      vertex 2.76204 -3.14504 3
    endloop
  endfacet
  facet normal 0.98917 0.146778 0
    outer loop
      vertex 2.76204 -3.14504 0
      vertex 2.79805 -3.38772 3
      vertex 2.79805 -3.38772 0
    endloop
  endfacet
  facet normal 1 -0 0
    outer loop
      vertex 2.75 -2.9 3
      vertex 2.75 6.1 0
      vertex 2.75 6.1 3
    endloop
  endfacet
  facet normal 1 0 0
    outer loop
      vertex 2.75 6.1 0
      vertex 2.75 -2.9 3
      vertex 2.75 -2.9 0
    endloop
  endfacet
  facet normal -0.998795 -0.0490756 0
    outer loop
      vertex 7.75 6.1 0
      vertex 7.73796 6.34504 3
      vertex 7.73796 6.34504 0
    endloop
  endfacet
  facet normal -0.998795 -0.0490756 0
    outer loop
      vertex 7.73796 6.34504 3
      vertex 7.75 6.1 0
      vertex 7.75 6.1 3
    endloop
  endfacet
  facet normal 0.998795 0.0490756 0
    outer loop
      vertex 2.76204 -3.14504 3
      vertex 2.75 -2.9 0
      vertex 2.75 -2.9 3
    endloop
  endfacet
  facet normal 0.998795 0.0490756 0
    outer loop
      vertex 2.75 -2.9 0
      vertex 2.76204 -3.14504 3
      vertex 2.76204 -3.14504 0
    endloop
  endfacet
  facet normal -0.941526 -0.336941 0
    outer loop
      vertex 7.64235 6.82571 0
      vertex 7.55969 7.05669 3
      vertex 7.55969 7.05669 0
    endloop
  endfacet
  facet normal -0.941526 -0.336941 0
    outer loop
      vertex 7.55969 7.05669 3
      vertex 7.64235 6.82571 0
      vertex 7.64235 6.82571 3
    endloop
  endfacet
  facet normal -0.242929 -0.970044 0
    outer loop
      vertex 5.73772 8.55195 0
      vertex 5.97571 8.49235 3
      vertex 5.73772 8.55195 3
    endloop
  endfacet
  facet normal -0.242929 -0.970044 -0
    outer loop
      vertex 5.97571 8.49235 3
      vertex 5.73772 8.55195 0
      vertex 5.97571 8.49235 0
    endloop
  endfacet
  facet normal 0.998795 -0.0490756 0
    outer loop
      vertex 2.75 6.1 3
      vertex 2.76204 6.34504 0
      vertex 2.76204 6.34504 3
    endloop
  endfacet
  facet normal 0.998795 -0.0490756 0
    outer loop
      vertex 2.76204 6.34504 0
      vertex 2.75 6.1 3
      vertex 2.75 6.1 0
    endloop
  endfacet
  facet normal -1 0 0
    outer loop
      vertex 7.75 -2.9 0
      vertex 7.75 6.1 3
      vertex 7.75 6.1 0
    endloop
  endfacet
  facet normal -1 -0 0
    outer loop
      vertex 7.75 6.1 3
      vertex 7.75 -2.9 0
      vertex 7.75 -2.9 3
    endloop
  endfacet
  facet normal -0.903987 -0.427559 0
    outer loop
      vertex 7.55969 7.05669 0
      vertex 7.45479 7.27848 3
      vertex 7.45479 7.27848 0
    endloop
  endfacet
  facet normal -0.903987 -0.427559 0
    outer loop
      vertex 7.45479 7.27848 3
      vertex 7.55969 7.05669 0
      vertex 7.55969 7.05669 3
    endloop
  endfacet
  facet normal 0.336928 -0.941531 0
    outer loop
      vertex 4.2933 8.40969 0
      vertex 4.52429 8.49235 3
      vertex 4.2933 8.40969 3
    endloop
  endfacet
  facet normal 0.336928 -0.941531 0
    outer loop
      vertex 4.52429 8.49235 3
      vertex 4.2933 8.40969 0
      vertex 4.52429 8.49235 0
    endloop
  endfacet
  facet normal 0.941526 -0.336941 0
    outer loop
      vertex 2.85765 6.82571 3
      vertex 2.94031 7.05669 0
      vertex 2.94031 7.05669 3
    endloop
  endfacet
  facet normal 0.941526 -0.336941 0
    outer loop
      vertex 2.94031 7.05669 0
      vertex 2.85765 6.82571 3
      vertex 2.85765 6.82571 0
    endloop
  endfacet
  facet normal 0.903987 -0.427559 0
    outer loop
      vertex 2.94031 7.05669 3
      vertex 3.04521 7.27848 0
      vertex 3.04521 7.27848 3
    endloop
  endfacet
  facet normal 0.903987 -0.427559 0
    outer loop
      vertex 3.04521 7.27848 0
      vertex 2.94031 7.05669 3
      vertex 2.94031 7.05669 0
    endloop
  endfacet
  facet normal -0.90398 0.427575 0
    outer loop
      vertex 7.45479 -4.07848 0
      vertex 7.55969 -3.8567 3
      vertex 7.55969 -3.8567 0
    endloop
  endfacet
  facet normal -0.90398 0.427575 0
    outer loop
      vertex 7.55969 -3.8567 3
      vertex 7.45479 -4.07848 0
      vertex 7.45479 -4.07848 3
    endloop
  endfacet
  facet normal -0.242929 0.970044 0
    outer loop
      vertex 5.97571 -5.29235 0
      vertex 5.73772 -5.35195 3
      vertex 5.97571 -5.29235 3
    endloop
  endfacet
  facet normal -0.242929 0.970044 0
    outer loop
      vertex 5.73772 -5.35195 3
      vertex 5.97571 -5.29235 0
      vertex 5.73772 -5.35195 0
    endloop
  endfacet
  facet normal -0.803231 0.595667 0
    outer loop
      vertex 7.18253 -4.48597 0
      vertex 7.32866 -4.28892 3
      vertex 7.32866 -4.28892 0
    endloop
  endfacet
  facet normal -0.803231 0.595667 0
    outer loop
      vertex 7.32866 -4.28892 3
      vertex 7.18253 -4.48597 0
      vertex 7.18253 -4.48597 3
    endloop
  endfacet
  facet normal 0.67157 0.740941 -0
    outer loop
      vertex 3.66403 -4.83253 0
      vertex 3.48224 -4.66776 3
      vertex 3.66403 -4.83253 3
    endloop
  endfacet
  facet normal 0.67157 0.740941 0
    outer loop
      vertex 3.48224 -4.66776 3
      vertex 3.66403 -4.83253 0
      vertex 3.48224 -4.66776 0
    endloop
  endfacet
  facet normal -0.67157 -0.740941 0
    outer loop
      vertex 6.83597 8.03253 0
      vertex 7.01776 7.86776 3
      vertex 6.83597 8.03253 3
    endloop
  endfacet
  facet normal -0.67157 -0.740941 -0
    outer loop
      vertex 7.01776 7.86776 3
      vertex 6.83597 8.03253 0
      vertex 7.01776 7.86776 0
    endloop
  endfacet
  facet normal -0.336928 -0.941531 0
    outer loop
      vertex 5.97571 8.49235 0
      vertex 6.2067 8.40969 3
      vertex 5.97571 8.49235 3
    endloop
  endfacet
  facet normal -0.336928 -0.941531 -0
    outer loop
      vertex 6.2067 8.40969 3
      vertex 5.97571 8.49235 0
      vertex 6.2067 8.40969 0
    endloop
  endfacet
  facet normal 0.67157 -0.740941 0
    outer loop
      vertex 3.48224 7.86776 0
      vertex 3.66403 8.03253 3
      vertex 3.48224 7.86776 3
    endloop
  endfacet
  facet normal 0.67157 -0.740941 0
    outer loop
      vertex 3.66403 8.03253 3
      vertex 3.48224 7.86776 0
      vertex 3.66403 8.03253 0
    endloop
  endfacet
  facet normal 0.740941 -0.67157 0
    outer loop
      vertex 3.31747 7.68597 3
      vertex 3.48224 7.86776 0
      vertex 3.48224 7.86776 3
    endloop
  endfacet
  facet normal 0.740941 -0.67157 0
    outer loop
      vertex 3.48224 7.86776 0
      vertex 3.31747 7.68597 3
      vertex 3.31747 7.68597 0
    endloop
  endfacet
  facet normal -0.146778 -0.98917 0
    outer loop
      vertex 5.49504 8.58796 0
      vertex 5.73772 8.55195 3
      vertex 5.49504 8.58796 3
    endloop
  endfacet
  facet normal -0.146778 -0.98917 -0
    outer loop
      vertex 5.73772 8.55195 3
      vertex 5.49504 8.58796 0
      vertex 5.73772 8.55195 0
    endloop
  endfacet
  facet normal 0.242929 -0.970044 0
    outer loop
      vertex 4.52429 8.49235 0
      vertex 4.76228 8.55195 3
      vertex 4.52429 8.49235 3
    endloop
  endfacet
  facet normal 0.242929 -0.970044 0
    outer loop
      vertex 4.76228 8.55195 3
      vertex 4.52429 8.49235 0
      vertex 4.76228 8.55195 0
    endloop
  endfacet
  facet normal 0.970044 -0.242929 0
    outer loop
      vertex 2.79805 6.58772 3
      vertex 2.85765 6.82571 0
      vertex 2.85765 6.82571 3
    endloop
  endfacet
  facet normal 0.970044 -0.242929 0
    outer loop
      vertex 2.85765 6.82571 0
      vertex 2.79805 6.58772 3
      vertex 2.79805 6.58772 0
    endloop
  endfacet
  facet normal 0.98917 -0.146778 0
    outer loop
      vertex 2.76204 6.34504 3
      vertex 2.79805 6.58772 0
      vertex 2.79805 6.58772 3
    endloop
  endfacet
  facet normal 0.98917 -0.146778 0
    outer loop
      vertex 2.79805 6.58772 0
      vertex 2.76204 6.34504 3
      vertex 2.76204 6.34504 0
    endloop
  endfacet
  facet normal -0.941531 0.336928 0
    outer loop
      vertex 7.55969 -3.8567 0
      vertex 7.64235 -3.62571 3
      vertex 7.64235 -3.62571 0
    endloop
  endfacet
  facet normal -0.941531 0.336928 0
    outer loop
      vertex 7.64235 -3.62571 3
      vertex 7.55969 -3.8567 0
      vertex 7.55969 -3.8567 3
    endloop
  endfacet
  facet normal -0.970044 0.242929 0
    outer loop
      vertex 7.64235 -3.62571 0
      vertex 7.70195 -3.38772 3
      vertex 7.70195 -3.38772 0
    endloop
  endfacet
  facet normal -0.970044 0.242929 0
    outer loop
      vertex 7.70195 -3.38772 3
      vertex 7.64235 -3.62571 0
      vertex 7.64235 -3.62571 3
    endloop
  endfacet
  facet normal -0.998795 0.0490756 0
    outer loop
      vertex 7.73796 -3.14504 0
      vertex 7.75 -2.9 3
      vertex 7.75 -2.9 0
    endloop
  endfacet
  facet normal -0.998795 0.0490756 0
    outer loop
      vertex 7.75 -2.9 3
      vertex 7.73796 -3.14504 0
      vertex 7.73796 -3.14504 3
    endloop
  endfacet
  facet normal -0.67157 0.740941 0
    outer loop
      vertex 7.01776 -4.66776 0
      vertex 6.83597 -4.83253 3
      vertex 7.01776 -4.66776 3
    endloop
  endfacet
  facet normal -0.67157 0.740941 0
    outer loop
      vertex 6.83597 -4.83253 3
      vertex 7.01776 -4.66776 0
      vertex 6.83597 -4.83253 0
    endloop
  endfacet
  facet normal -0.146778 0.98917 0
    outer loop
      vertex 5.73772 -5.35195 0
      vertex 5.49504 -5.38796 3
      vertex 5.73772 -5.35195 3
    endloop
  endfacet
  facet normal -0.146778 0.98917 0
    outer loop
      vertex 5.49504 -5.38796 3
      vertex 5.73772 -5.35195 0
      vertex 5.49504 -5.38796 0
    endloop
  endfacet
  facet normal -0.740941 0.67157 0
    outer loop
      vertex 7.01776 -4.66776 0
      vertex 7.18253 -4.48597 3
      vertex 7.18253 -4.48597 0
    endloop
  endfacet
  facet normal -0.740941 0.67157 0
    outer loop
      vertex 7.18253 -4.48597 3
      vertex 7.01776 -4.66776 0
      vertex 7.01776 -4.66776 3
    endloop
  endfacet
  facet normal 0.336928 0.941531 -0
    outer loop
      vertex 4.52429 -5.29235 0
      vertex 4.2933 -5.20969 3
      vertex 4.52429 -5.29235 3
    endloop
  endfacet
  facet normal 0.336928 0.941531 0
    outer loop
      vertex 4.2933 -5.20969 3
      vertex 4.52429 -5.29235 0
      vertex 4.2933 -5.20969 0
    endloop
  endfacet
  facet normal 0.242929 0.970044 -0
    outer loop
      vertex 4.76228 -5.35195 0
      vertex 4.52429 -5.29235 3
      vertex 4.76228 -5.35195 3
    endloop
  endfacet
  facet normal 0.242929 0.970044 0
    outer loop
      vertex 4.52429 -5.29235 3
      vertex 4.76228 -5.35195 0
      vertex 4.52429 -5.29235 0
    endloop
  endfacet
  facet normal 0.970044 0.242929 0
    outer loop
      vertex 2.85765 -3.62571 3
      vertex 2.79805 -3.38772 0
      vertex 2.79805 -3.38772 3
    endloop
  endfacet
  facet normal 0.970044 0.242929 0
    outer loop
      vertex 2.79805 -3.38772 0
      vertex 2.85765 -3.62571 3
      vertex 2.85765 -3.62571 0
    endloop
  endfacet
  facet normal -0.970044 -0.242929 0
    outer loop
      vertex 7.70195 6.58772 0
      vertex 7.64235 6.82571 3
      vertex 7.64235 6.82571 0
    endloop
  endfacet
  facet normal -0.970044 -0.242929 0
    outer loop
      vertex 7.64235 6.82571 3
      vertex 7.70195 6.58772 0
      vertex 7.70195 6.58772 3
    endloop
  endfacet
  facet normal -0.857734 -0.514094 0
    outer loop
      vertex 7.45479 7.27848 0
      vertex 7.32866 7.48892 3
      vertex 7.32866 7.48892 0
    endloop
  endfacet
  facet normal -0.857734 -0.514094 0
    outer loop
      vertex 7.32866 7.48892 3
      vertex 7.45479 7.27848 0
      vertex 7.45479 7.27848 3
    endloop
  endfacet
  facet normal -0.740941 -0.67157 0
    outer loop
      vertex 7.18253 7.68597 0
      vertex 7.01776 7.86776 3
      vertex 7.01776 7.86776 0
    endloop
  endfacet
  facet normal -0.740941 -0.67157 0
    outer loop
      vertex 7.01776 7.86776 3
      vertex 7.18253 7.68597 0
      vertex 7.18253 7.68597 3
    endloop
  endfacet
  facet normal -0.803231 -0.595667 0
    outer loop
      vertex 7.32866 7.48892 0
      vertex 7.18253 7.68597 3
      vertex 7.18253 7.68597 0
    endloop
  endfacet
  facet normal -0.803231 -0.595667 0
    outer loop
      vertex 7.18253 7.68597 3
      vertex 7.32866 7.48892 0
      vertex 7.32866 7.48892 3
    endloop
  endfacet
  facet normal -0.427575 -0.90398 0
    outer loop
      vertex 6.2067 8.40969 0
      vertex 6.42848 8.30479 3
      vertex 6.2067 8.40969 3
    endloop
  endfacet
  facet normal -0.427575 -0.90398 -0
    outer loop
      vertex 6.42848 8.30479 3
      vertex 6.2067 8.40969 0
      vertex 6.42848 8.30479 0
    endloop
  endfacet
  facet normal -0.595667 -0.803231 0
    outer loop
      vertex 6.63892 8.17866 0
      vertex 6.83597 8.03253 3
      vertex 6.63892 8.17866 3
    endloop
  endfacet
  facet normal -0.595667 -0.803231 -0
    outer loop
      vertex 6.83597 8.03253 3
      vertex 6.63892 8.17866 0
      vertex 6.83597 8.03253 0
    endloop
  endfacet
  facet normal -0.514094 -0.857734 0
    outer loop
      vertex 6.42848 8.30479 0
      vertex 6.63892 8.17866 3
      vertex 6.42848 8.30479 3
    endloop
  endfacet
  facet normal -0.514094 -0.857734 -0
    outer loop
      vertex 6.63892 8.17866 3
      vertex 6.42848 8.30479 0
      vertex 6.63892 8.17866 0
    endloop
  endfacet
  facet normal 0.857734 -0.514094 0
    outer loop
      vertex 3.04521 7.27848 3
      vertex 3.17134 7.48892 0
      vertex 3.17134 7.48892 3
    endloop
  endfacet
  facet normal 0.857734 -0.514094 0
    outer loop
      vertex 3.17134 7.48892 0
      vertex 3.04521 7.27848 3
      vertex 3.04521 7.27848 0
    endloop
  endfacet
  facet normal 0.427575 -0.90398 0
    outer loop
      vertex 4.07152 8.30479 0
      vertex 4.2933 8.40969 3
      vertex 4.07152 8.30479 3
    endloop
  endfacet
  facet normal 0.427575 -0.90398 0
    outer loop
      vertex 4.2933 8.40969 3
      vertex 4.07152 8.30479 0
      vertex 4.2933 8.40969 0
    endloop
  endfacet
  facet normal 0.514094 -0.857734 0
    outer loop
      vertex 3.86108 8.17866 0
      vertex 4.07152 8.30479 3
      vertex 3.86108 8.17866 3
    endloop
  endfacet
  facet normal 0.514094 -0.857734 0
    outer loop
      vertex 4.07152 8.30479 3
      vertex 3.86108 8.17866 0
      vertex 4.07152 8.30479 0
    endloop
  endfacet
  facet normal 0.595667 -0.803231 0
    outer loop
      vertex 3.66403 8.03253 0
      vertex 3.86108 8.17866 3
      vertex 3.66403 8.03253 3
    endloop
  endfacet
  facet normal 0.595667 -0.803231 0
    outer loop
      vertex 3.86108 8.17866 3
      vertex 3.66403 8.03253 0
      vertex 3.86108 8.17866 0
    endloop
  endfacet
  facet normal 0.146778 -0.98917 0
    outer loop
      vertex 4.76228 8.55195 0
      vertex 5.00496 8.58796 3
      vertex 4.76228 8.55195 3
    endloop
  endfacet
  facet normal 0.146778 -0.98917 0
    outer loop
      vertex 5.00496 8.58796 3
      vertex 4.76228 8.55195 0
      vertex 5.00496 8.58796 0
    endloop
  endfacet
  facet normal -0.0490756 -0.998795 0
    outer loop
      vertex 5.25 8.6 0
      vertex 5.49504 8.58796 3
      vertex 5.25 8.6 3
    endloop
  endfacet
  facet normal -0.0490756 -0.998795 -0
    outer loop
      vertex 5.49504 8.58796 3
      vertex 5.25 8.6 0
      vertex 5.49504 8.58796 0
    endloop
  endfacet
  facet normal 0.0490756 -0.998795 0
    outer loop
      vertex 5.00496 8.58796 0
      vertex 5.25 8.6 3
      vertex 5.00496 8.58796 3
    endloop
  endfacet
  facet normal 0.0490756 -0.998795 0
    outer loop
      vertex 5.25 8.6 3
      vertex 5.00496 8.58796 0
      vertex 5.25 8.6 0
    endloop
  endfacet
  facet normal -0.98917 0.146778 0
    outer loop
      vertex 7.70195 -3.38772 0
      vertex 7.73796 -3.14504 3
      vertex 7.73796 -3.14504 0
    endloop
  endfacet
  facet normal -0.98917 0.146778 0
    outer loop
      vertex 7.73796 -3.14504 3
      vertex 7.70195 -3.38772 0
      vertex 7.70195 -3.38772 3
    endloop
  endfacet
  facet normal -0.857734 0.514094 0
    outer loop
      vertex 7.32866 -4.28892 0
      vertex 7.45479 -4.07848 3
      vertex 7.45479 -4.07848 0
    endloop
  endfacet
  facet normal -0.857734 0.514094 0
    outer loop
      vertex 7.45479 -4.07848 3
      vertex 7.32866 -4.28892 0
      vertex 7.32866 -4.28892 3
    endloop
  endfacet
  facet normal 0.0490756 0.998795 -0
    outer loop
      vertex 5.25 -5.4 0
      vertex 5.00496 -5.38796 3
      vertex 5.25 -5.4 3
    endloop
  endfacet
  facet normal 0.0490756 0.998795 0
    outer loop
      vertex 5.00496 -5.38796 3
      vertex 5.25 -5.4 0
      vertex 5.00496 -5.38796 0
    endloop
  endfacet
  facet normal -0.336928 0.941531 0
    outer loop
      vertex 6.2067 -5.20969 0
      vertex 5.97571 -5.29235 3
      vertex 6.2067 -5.20969 3
    endloop
  endfacet
  facet normal -0.336928 0.941531 0
    outer loop
      vertex 5.97571 -5.29235 3
      vertex 6.2067 -5.20969 0
      vertex 5.97571 -5.29235 0
    endloop
  endfacet
  facet normal -0.514094 0.857734 0
    outer loop
      vertex 6.63892 -4.97866 0
      vertex 6.42848 -5.10479 3
      vertex 6.63892 -4.97866 3
    endloop
  endfacet
  facet normal -0.514094 0.857734 0
    outer loop
      vertex 6.42848 -5.10479 3
      vertex 6.63892 -4.97866 0
      vertex 6.42848 -5.10479 0
    endloop
  endfacet
  facet normal 0.514094 0.857734 -0
    outer loop
      vertex 4.07152 -5.10479 0
      vertex 3.86108 -4.97866 3
      vertex 4.07152 -5.10479 3
    endloop
  endfacet
  facet normal 0.514094 0.857734 0
    outer loop
      vertex 3.86108 -4.97866 3
      vertex 4.07152 -5.10479 0
      vertex 3.86108 -4.97866 0
    endloop
  endfacet
  facet normal 0.941531 0.336928 0
    outer loop
      vertex 2.94031 -3.8567 3
      vertex 2.85765 -3.62571 0
      vertex 2.85765 -3.62571 3
    endloop
  endfacet
  facet normal 0.941531 0.336928 0
    outer loop
      vertex 2.85765 -3.62571 0
      vertex 2.94031 -3.8567 3
      vertex 2.94031 -3.8567 0
    endloop
  endfacet
  facet normal 0.740941 0.67157 0
    outer loop
      vertex 3.48224 -4.66776 3
      vertex 3.31747 -4.48597 0
      vertex 3.31747 -4.48597 3
    endloop
  endfacet
  facet normal 0.740941 0.67157 0
    outer loop
      vertex 3.31747 -4.48597 0
      vertex 3.48224 -4.66776 3
      vertex 3.48224 -4.66776 0
    endloop
  endfacet
  facet normal 0.857734 0.514094 0
    outer loop
      vertex 3.17134 -4.28892 3
      vertex 3.04521 -4.07848 0
      vertex 3.04521 -4.07848 3
    endloop
  endfacet
  facet normal 0.857734 0.514094 0
    outer loop
      vertex 3.04521 -4.07848 0
      vertex 3.17134 -4.28892 3
      vertex 3.17134 -4.28892 0
    endloop
  endfacet
  facet normal -0.98917 -0.146778 0
    outer loop
      vertex 7.73796 6.34504 0
      vertex 7.70195 6.58772 3
      vertex 7.70195 6.58772 0
    endloop
  endfacet
  facet normal -0.98917 -0.146778 0
    outer loop
      vertex 7.70195 6.58772 3
      vertex 7.73796 6.34504 0
      vertex 7.73796 6.34504 3
    endloop
  endfacet
  facet normal 0.803231 -0.595667 0
    outer loop
      vertex 3.17134 7.48892 3
      vertex 3.31747 7.68597 0
      vertex 3.31747 7.68597 3
    endloop
  endfacet
  facet normal 0.803231 -0.595667 0
    outer loop
      vertex 3.31747 7.68597 0
      vertex 3.17134 7.48892 3
      vertex 3.17134 7.48892 0
    endloop
  endfacet
  facet normal -0.0490756 0.998795 0
    outer loop
      vertex 5.49504 -5.38796 0
      vertex 5.25 -5.4 3
      vertex 5.49504 -5.38796 3
    endloop
  endfacet
  facet normal -0.0490756 0.998795 0
    outer loop
      vertex 5.25 -5.4 3
      vertex 5.49504 -5.38796 0
      vertex 5.25 -5.4 0
    endloop
  endfacet
  facet normal -0.427575 0.90398 0
    outer loop
      vertex 6.42848 -5.10479 0
      vertex 6.2067 -5.20969 3
      vertex 6.42848 -5.10479 3
    endloop
  endfacet
  facet normal -0.427575 0.90398 0
    outer loop
      vertex 6.2067 -5.20969 3
      vertex 6.42848 -5.10479 0
      vertex 6.2067 -5.20969 0
    endloop
  endfacet
  facet normal -0.595667 0.803231 0
    outer loop
      vertex 6.83597 -4.83253 0
      vertex 6.63892 -4.97866 3
      vertex 6.83597 -4.83253 3
    endloop
  endfacet
  facet normal -0.595667 0.803231 0
    outer loop
      vertex 6.63892 -4.97866 3
      vertex 6.83597 -4.83253 0
      vertex 6.63892 -4.97866 0
    endloop
  endfacet
  facet normal 0.595667 0.803231 -0
    outer loop
      vertex 3.86108 -4.97866 0
      vertex 3.66403 -4.83253 3
      vertex 3.86108 -4.97866 3
    endloop
  endfacet
  facet normal 0.595667 0.803231 0
    outer loop
      vertex 3.66403 -4.83253 3
      vertex 3.86108 -4.97866 0
      vertex 3.66403 -4.83253 0
    endloop
  endfacet
  facet normal 0.427575 0.90398 -0
    outer loop
      vertex 4.2933 -5.20969 0
      vertex 4.07152 -5.10479 3
      vertex 4.2933 -5.20969 3
    endloop
  endfacet
  facet normal 0.427575 0.90398 0
    outer loop
      vertex 4.07152 -5.10479 3
      vertex 4.2933 -5.20969 0
      vertex 4.07152 -5.10479 0
    endloop
  endfacet
  facet normal 0.146778 0.98917 -0
    outer loop
      vertex 5.00496 -5.38796 0
      vertex 4.76228 -5.35195 3
      vertex 5.00496 -5.38796 3
    endloop
  endfacet
  facet normal 0.146778 0.98917 0
    outer loop
      vertex 4.76228 -5.35195 3
      vertex 5.00496 -5.38796 0
      vertex 4.76228 -5.35195 0
    endloop
  endfacet
  facet normal 0.90398 0.427575 0
    outer loop
      vertex 3.04521 -4.07848 3
      vertex 2.94031 -3.8567 0
      vertex 2.94031 -3.8567 3
    endloop
  endfacet
  facet normal 0.90398 0.427575 0
    outer loop
      vertex 2.94031 -3.8567 0
      vertex 3.04521 -4.07848 3
      vertex 3.04521 -4.07848 0
    endloop
  endfacet
  facet normal 0.803231 0.595667 0
    outer loop
      vertex 3.31747 -4.48597 3
      vertex 3.17134 -4.28892 0
      vertex 3.17134 -4.28892 3
    endloop
  endfacet
  facet normal 0.803231 0.595667 0
    outer loop
      vertex 3.17134 -4.28892 0
      vertex 3.31747 -4.48597 3
      vertex 3.31747 -4.48597 0
    endloop
  endfacet
  facet normal 0.336942 0.941525 -0
    outer loop
      vertex -15.3774 -1.24402 0
      vertex -15.4975 -1.20104 3
      vertex -15.3774 -1.24402 3
    endloop
  endfacet
  facet normal 0.336942 0.941525 0
    outer loop
      vertex -15.4975 -1.20104 3
      vertex -15.3774 -1.24402 0
      vertex -15.4975 -1.20104 0
    endloop
  endfacet
  facet normal -0.514208 -0.857666 0
    outer loop
      vertex -14.3872 1.1465 0
      vertex -14.2778 1.08091 3
      vertex -14.3872 1.1465 3
    endloop
  endfacet
  facet normal -0.514208 -0.857666 -0
    outer loop
      vertex -14.2778 1.08091 3
      vertex -14.3872 1.1465 0
      vertex -14.2778 1.08091 0
    endloop
  endfacet
  facet normal 0.336942 -0.941525 0
    outer loop
      vertex -15.4975 1.20104 0
      vertex -15.3774 1.24402 3
      vertex -15.4975 1.20104 3
    endloop
  endfacet
  facet normal 0.336942 -0.941525 0
    outer loop
      vertex -15.3774 1.24402 3
      vertex -15.4975 1.20104 0
      vertex -15.3774 1.24402 0
    endloop
  endfacet
  facet normal 0.904127 -0.427263 0
    outer loop
      vertex -16.201 0.497488 3
      vertex -16.1465 0.612815 0
      vertex -16.1465 0.612815 3
    endloop
  endfacet
  facet normal 0.904127 -0.427263 0
    outer loop
      vertex -16.1465 0.612815 0
      vertex -16.201 0.497488 3
      vertex -16.201 0.497488 0
    endloop
  endfacet
  facet normal 0.904127 0.427263 0
    outer loop
      vertex -16.1465 -0.612815 3
      vertex -16.201 -0.497488 0
      vertex -16.201 -0.497488 3
    endloop
  endfacet
  facet normal 0.904127 0.427263 0
    outer loop
      vertex -16.201 -0.497488 0
      vertex -16.1465 -0.612815 3
      vertex -16.1465 -0.612815 0
    endloop
  endfacet
  facet normal -0.970029 -0.242991 0
    outer loop
      vertex -13.725 0.253617 0
      vertex -13.756 0.37737 3
      vertex -13.756 0.37737 0
    endloop
  endfacet
  facet normal -0.970029 -0.242991 0
    outer loop
      vertex -13.756 0.37737 3
      vertex -13.725 0.253617 0
      vertex -13.725 0.253617 3
    endloop
  endfacet
  facet normal -0.941492 -0.337036 0
    outer loop
      vertex -13.756 0.37737 0
      vertex -13.799 0.497488 3
      vertex -13.799 0.497488 0
    endloop
  endfacet
  facet normal -0.941492 -0.337036 0
    outer loop
      vertex -13.799 0.497488 3
      vertex -13.756 0.37737 0
      vertex -13.756 0.37737 3
    endloop
  endfacet
  facet normal -0.740851 -0.67167 0
    outer loop
      vertex -13.9951 0.824711 0
      vertex -14.0808 0.919238 3
      vertex -14.0808 0.919238 0
    endloop
  endfacet
  facet normal -0.740851 -0.67167 0
    outer loop
      vertex -14.0808 0.919238 3
      vertex -13.9951 0.824711 0
      vertex -13.9951 0.824711 3
    endloop
  endfacet
  facet normal -0.427601 -0.903968 0
    outer loop
      vertex -14.5025 1.20104 0
      vertex -14.3872 1.1465 3
      vertex -14.5025 1.20104 3
    endloop
  endfacet
  facet normal -0.427601 -0.903968 -0
    outer loop
      vertex -14.3872 1.1465 3
      vertex -14.5025 1.20104 0
      vertex -14.3872 1.1465 0
    endloop
  endfacet
  facet normal -0.242904 -0.97005 0
    outer loop
      vertex -14.7464 1.27502 0
      vertex -14.6226 1.24402 3
      vertex -14.7464 1.27502 3
    endloop
  endfacet
  facet normal -0.242904 -0.97005 -0
    outer loop
      vertex -14.6226 1.24402 3
      vertex -14.7464 1.27502 0
      vertex -14.6226 1.24402 0
    endloop
  endfacet
  facet normal 0.595602 -0.803279 0
    outer loop
      vertex -15.8247 1.00491 0
      vertex -15.7222 1.08091 3
      vertex -15.8247 1.00491 3
    endloop
  endfacet
  facet normal 0.595602 -0.803279 0
    outer loop
      vertex -15.7222 1.08091 3
      vertex -15.8247 1.00491 0
      vertex -15.7222 1.08091 0
    endloop
  endfacet
  facet normal -0.989199 0.146582 0
    outer loop
      vertex -13.725 -0.253617 0
      vertex -13.7063 -0.127421 3
      vertex -13.7063 -0.127421 0
    endloop
  endfacet
  facet normal -0.989199 0.146582 0
    outer loop
      vertex -13.7063 -0.127421 3
      vertex -13.725 -0.253617 0
      vertex -13.725 -0.253617 3
    endloop
  endfacet
  facet normal -0.941492 0.337036 0
    outer loop
      vertex -13.799 -0.497488 0
      vertex -13.756 -0.37737 3
      vertex -13.756 -0.37737 0
    endloop
  endfacet
  facet normal -0.941492 0.337036 0
    outer loop
      vertex -13.756 -0.37737 3
      vertex -13.799 -0.497488 0
      vertex -13.799 -0.497488 3
    endloop
  endfacet
  facet normal -0.242904 0.97005 0
    outer loop
      vertex -14.6226 -1.24402 0
      vertex -14.7464 -1.27502 3
      vertex -14.6226 -1.24402 3
    endloop
  endfacet
  facet normal -0.242904 0.97005 0
    outer loop
      vertex -14.7464 -1.27502 3
      vertex -14.6226 -1.24402 0
      vertex -14.7464 -1.27502 0
    endloop
  endfacet
  facet normal -0.740851 0.67167 0
    outer loop
      vertex -14.0808 -0.919238 0
      vertex -13.9951 -0.824711 3
      vertex -13.9951 -0.824711 0
    endloop
  endfacet
  facet normal -0.740851 0.67167 0
    outer loop
      vertex -13.9951 -0.824711 3
      vertex -14.0808 -0.919238 0
      vertex -14.0808 -0.919238 3
    endloop
  endfacet
  facet normal -0.989199 -0.146582 0
    outer loop
      vertex -13.7063 0.127421 0
      vertex -13.725 0.253617 3
      vertex -13.725 0.253617 0
    endloop
  endfacet
  facet normal -0.989199 -0.146582 0
    outer loop
      vertex -13.725 0.253617 3
      vertex -13.7063 0.127421 0
      vertex -13.7063 0.127421 3
    endloop
  endfacet
  facet normal -0.904127 -0.427263 0
    outer loop
      vertex -13.799 0.497488 0
      vertex -13.8535 0.612815 3
      vertex -13.8535 0.612815 0
    endloop
  endfacet
  facet normal -0.904127 -0.427263 0
    outer loop
      vertex -13.8535 0.612815 3
      vertex -13.799 0.497488 0
      vertex -13.799 0.497488 3
    endloop
  endfacet
  facet normal -0.857683 -0.514179 0
    outer loop
      vertex -13.8535 0.612815 0
      vertex -13.9191 0.72224 3
      vertex -13.9191 0.72224 0
    endloop
  endfacet
  facet normal -0.857683 -0.514179 0
    outer loop
      vertex -13.9191 0.72224 3
      vertex -13.8535 0.612815 0
      vertex -13.8535 0.612815 3
    endloop
  endfacet
  facet normal -0.803199 -0.595711 0
    outer loop
      vertex -13.9191 0.72224 0
      vertex -13.9951 0.824711 3
      vertex -13.9951 0.824711 0
    endloop
  endfacet
  facet normal -0.803199 -0.595711 0
    outer loop
      vertex -13.9951 0.824711 3
      vertex -13.9191 0.72224 0
      vertex -13.9191 0.72224 3
    endloop
  endfacet
  facet normal -0.671654 -0.740865 0
    outer loop
      vertex -14.1753 1.00491 0
      vertex -14.0808 0.919238 3
      vertex -14.1753 1.00491 3
    endloop
  endfacet
  facet normal -0.671654 -0.740865 -0
    outer loop
      vertex -14.0808 0.919238 3
      vertex -14.1753 1.00491 0
      vertex -14.0808 0.919238 0
    endloop
  endfacet
  facet normal -0.0490774 -0.998795 0
    outer loop
      vertex -15 1.3 0
      vertex -14.8726 1.29374 3
      vertex -15 1.3 3
    endloop
  endfacet
  facet normal -0.0490774 -0.998795 -0
    outer loop
      vertex -14.8726 1.29374 3
      vertex -15 1.3 0
      vertex -14.8726 1.29374 0
    endloop
  endfacet
  facet normal -0.336942 -0.941525 0
    outer loop
      vertex -14.6226 1.24402 0
      vertex -14.5025 1.20104 3
      vertex -14.6226 1.24402 3
    endloop
  endfacet
  facet normal -0.336942 -0.941525 -0
    outer loop
      vertex -14.5025 1.20104 3
      vertex -14.6226 1.24402 0
      vertex -14.5025 1.20104 0
    endloop
  endfacet
  facet normal -0.14673 -0.989177 0
    outer loop
      vertex -14.8726 1.29374 0
      vertex -14.7464 1.27502 3
      vertex -14.8726 1.29374 3
    endloop
  endfacet
  facet normal -0.14673 -0.989177 -0
    outer loop
      vertex -14.7464 1.27502 3
      vertex -14.8726 1.29374 0
      vertex -14.7464 1.27502 0
    endloop
  endfacet
  facet normal 0.99878 -0.0493821 0
    outer loop
      vertex -16.3 0 3
      vertex -16.2937 0.127421 0
      vertex -16.2937 0.127421 3
    endloop
  endfacet
  facet normal 0.99878 -0.0493821 0
    outer loop
      vertex -16.2937 0.127421 0
      vertex -16.3 0 3
      vertex -16.3 0 0
    endloop
  endfacet
  facet normal 0.970029 -0.242991 0
    outer loop
      vertex -16.275 0.253617 3
      vertex -16.244 0.37737 0
      vertex -16.244 0.37737 3
    endloop
  endfacet
  facet normal 0.970029 -0.242991 0
    outer loop
      vertex -16.244 0.37737 0
      vertex -16.275 0.253617 3
      vertex -16.275 0.253617 0
    endloop
  endfacet
  facet normal 0.989199 -0.146582 0
    outer loop
      vertex -16.2937 0.127421 3
      vertex -16.275 0.253617 0
      vertex -16.275 0.253617 3
    endloop
  endfacet
  facet normal 0.989199 -0.146582 0
    outer loop
      vertex -16.275 0.253617 0
      vertex -16.2937 0.127421 3
      vertex -16.2937 0.127421 0
    endloop
  endfacet
  facet normal 0.740851 -0.67167 0
    outer loop
      vertex -16.0049 0.824711 3
      vertex -15.9192 0.919238 0
      vertex -15.9192 0.919238 3
    endloop
  endfacet
  facet normal 0.740851 -0.67167 0
    outer loop
      vertex -15.9192 0.919238 0
      vertex -16.0049 0.824711 3
      vertex -16.0049 0.824711 0
    endloop
  endfacet
  facet normal 0.857683 -0.514179 0
    outer loop
      vertex -16.1465 0.612815 3
      vertex -16.0809 0.72224 0
      vertex -16.0809 0.72224 3
    endloop
  endfacet
  facet normal 0.857683 -0.514179 0
    outer loop
      vertex -16.0809 0.72224 0
      vertex -16.1465 0.612815 3
      vertex -16.1465 0.612815 0
    endloop
  endfacet
  facet normal 0.803199 -0.595711 0
    outer loop
      vertex -16.0809 0.72224 3
      vertex -16.0049 0.824711 0
      vertex -16.0049 0.824711 3
    endloop
  endfacet
  facet normal 0.803199 -0.595711 0
    outer loop
      vertex -16.0049 0.824711 0
      vertex -16.0809 0.72224 3
      vertex -16.0809 0.72224 0
    endloop
  endfacet
  facet normal 0.0490774 -0.998795 0
    outer loop
      vertex -15.1274 1.29374 0
      vertex -15 1.3 3
      vertex -15.1274 1.29374 3
    endloop
  endfacet
  facet normal 0.0490774 -0.998795 0
    outer loop
      vertex -15 1.3 3
      vertex -15.1274 1.29374 0
      vertex -15 1.3 0
    endloop
  endfacet
  facet normal 0.242904 -0.97005 0
    outer loop
      vertex -15.3774 1.24402 0
      vertex -15.2536 1.27502 3
      vertex -15.3774 1.24402 3
    endloop
  endfacet
  facet normal 0.242904 -0.97005 0
    outer loop
      vertex -15.2536 1.27502 3
      vertex -15.3774 1.24402 0
      vertex -15.2536 1.27502 0
    endloop
  endfacet
  facet normal 0.14673 -0.989177 0
    outer loop
      vertex -15.2536 1.27502 0
      vertex -15.1274 1.29374 3
      vertex -15.2536 1.27502 3
    endloop
  endfacet
  facet normal 0.14673 -0.989177 0
    outer loop
      vertex -15.1274 1.29374 3
      vertex -15.2536 1.27502 0
      vertex -15.1274 1.29374 0
    endloop
  endfacet
  facet normal 0.427601 -0.903968 0
    outer loop
      vertex -15.6128 1.1465 0
      vertex -15.4975 1.20104 3
      vertex -15.6128 1.1465 3
    endloop
  endfacet
  facet normal 0.427601 -0.903968 0
    outer loop
      vertex -15.4975 1.20104 3
      vertex -15.6128 1.1465 0
      vertex -15.4975 1.20104 0
    endloop
  endfacet
  facet normal 0.514208 -0.857666 0
    outer loop
      vertex -15.7222 1.08091 0
      vertex -15.6128 1.1465 3
      vertex -15.7222 1.08091 3
    endloop
  endfacet
  facet normal 0.514208 -0.857666 0
    outer loop
      vertex -15.6128 1.1465 3
      vertex -15.7222 1.08091 0
      vertex -15.6128 1.1465 0
    endloop
  endfacet
  facet normal 0.671654 -0.740865 0
    outer loop
      vertex -15.9192 0.919238 0
      vertex -15.8247 1.00491 3
      vertex -15.9192 0.919238 3
    endloop
  endfacet
  facet normal 0.671654 -0.740865 0
    outer loop
      vertex -15.8247 1.00491 3
      vertex -15.9192 0.919238 0
      vertex -15.8247 1.00491 0
    endloop
  endfacet
  facet normal -0.99878 -0.0493821 0
    outer loop
      vertex -13.7 0 0
      vertex -13.7063 0.127421 3
      vertex -13.7063 0.127421 0
    endloop
  endfacet
  facet normal -0.99878 -0.0493821 0
    outer loop
      vertex -13.7063 0.127421 3
      vertex -13.7 0 0
      vertex -13.7 0 3
    endloop
  endfacet
  facet normal -0.0490774 0.998795 0
    outer loop
      vertex -14.8726 -1.29374 0
      vertex -15 -1.3 3
      vertex -14.8726 -1.29374 3
    endloop
  endfacet
  facet normal -0.0490774 0.998795 0
    outer loop
      vertex -15 -1.3 3
      vertex -14.8726 -1.29374 0
      vertex -15 -1.3 0
    endloop
  endfacet
  facet normal -0.99878 0.0493821 0
    outer loop
      vertex -13.7063 -0.127421 0
      vertex -13.7 0 3
      vertex -13.7 0 0
    endloop
  endfacet
  facet normal -0.99878 0.0493821 0
    outer loop
      vertex -13.7 0 3
      vertex -13.7063 -0.127421 0
      vertex -13.7063 -0.127421 3
    endloop
  endfacet
  facet normal -0.970029 0.242991 0
    outer loop
      vertex -13.756 -0.37737 0
      vertex -13.725 -0.253617 3
      vertex -13.725 -0.253617 0
    endloop
  endfacet
  facet normal -0.970029 0.242991 0
    outer loop
      vertex -13.725 -0.253617 3
      vertex -13.756 -0.37737 0
      vertex -13.756 -0.37737 3
    endloop
  endfacet
  facet normal -0.14673 0.989177 0
    outer loop
      vertex -14.7464 -1.27502 0
      vertex -14.8726 -1.29374 3
      vertex -14.7464 -1.27502 3
    endloop
  endfacet
  facet normal -0.14673 0.989177 0
    outer loop
      vertex -14.8726 -1.29374 3
      vertex -14.7464 -1.27502 0
      vertex -14.8726 -1.29374 0
    endloop
  endfacet
  facet normal -0.671654 0.740865 0
    outer loop
      vertex -14.0808 -0.919238 0
      vertex -14.1753 -1.00491 3
      vertex -14.0808 -0.919238 3
    endloop
  endfacet
  facet normal -0.671654 0.740865 0
    outer loop
      vertex -14.1753 -1.00491 3
      vertex -14.0808 -0.919238 0
      vertex -14.1753 -1.00491 0
    endloop
  endfacet
  facet normal -0.803199 0.595711 0
    outer loop
      vertex -13.9951 -0.824711 0
      vertex -13.9191 -0.72224 3
      vertex -13.9191 -0.72224 0
    endloop
  endfacet
  facet normal -0.803199 0.595711 0
    outer loop
      vertex -13.9191 -0.72224 3
      vertex -13.9951 -0.824711 0
      vertex -13.9951 -0.824711 3
    endloop
  endfacet
  facet normal -0.904127 0.427263 0
    outer loop
      vertex -13.8535 -0.612815 0
      vertex -13.799 -0.497488 3
      vertex -13.799 -0.497488 0
    endloop
  endfacet
  facet normal -0.904127 0.427263 0
    outer loop
      vertex -13.799 -0.497488 3
      vertex -13.8535 -0.612815 0
      vertex -13.8535 -0.612815 3
    endloop
  endfacet
  facet normal -0.857683 0.514179 0
    outer loop
      vertex -13.9191 -0.72224 0
      vertex -13.8535 -0.612815 3
      vertex -13.8535 -0.612815 0
    endloop
  endfacet
  facet normal -0.857683 0.514179 0
    outer loop
      vertex -13.8535 -0.612815 3
      vertex -13.9191 -0.72224 0
      vertex -13.9191 -0.72224 3
    endloop
  endfacet
  facet normal 0.14673 0.989177 -0
    outer loop
      vertex -15.1274 -1.29374 0
      vertex -15.2536 -1.27502 3
      vertex -15.1274 -1.29374 3
    endloop
  endfacet
  facet normal 0.14673 0.989177 0
    outer loop
      vertex -15.2536 -1.27502 3
      vertex -15.1274 -1.29374 0
      vertex -15.2536 -1.27502 0
    endloop
  endfacet
  facet normal 0.0490774 0.998795 -0
    outer loop
      vertex -15 -1.3 0
      vertex -15.1274 -1.29374 3
      vertex -15 -1.3 3
    endloop
  endfacet
  facet normal 0.0490774 0.998795 0
    outer loop
      vertex -15.1274 -1.29374 3
      vertex -15 -1.3 0
      vertex -15.1274 -1.29374 0
    endloop
  endfacet
  facet normal 0.514208 0.857666 -0
    outer loop
      vertex -15.6128 -1.1465 0
      vertex -15.7222 -1.08091 3
      vertex -15.6128 -1.1465 3
    endloop
  endfacet
  facet normal 0.514208 0.857666 0
    outer loop
      vertex -15.7222 -1.08091 3
      vertex -15.6128 -1.1465 0
      vertex -15.7222 -1.08091 0
    endloop
  endfacet
  facet normal 0.671654 0.740865 -0
    outer loop
      vertex -15.8247 -1.00491 0
      vertex -15.9192 -0.919238 3
      vertex -15.8247 -1.00491 3
    endloop
  endfacet
  facet normal 0.671654 0.740865 0
    outer loop
      vertex -15.9192 -0.919238 3
      vertex -15.8247 -1.00491 0
      vertex -15.9192 -0.919238 0
    endloop
  endfacet
  facet normal 0.970029 0.242991 0
    outer loop
      vertex -16.244 -0.37737 3
      vertex -16.275 -0.253617 0
      vertex -16.275 -0.253617 3
    endloop
  endfacet
  facet normal 0.970029 0.242991 0
    outer loop
      vertex -16.275 -0.253617 0
      vertex -16.244 -0.37737 3
      vertex -16.244 -0.37737 0
    endloop
  endfacet
  facet normal 0.99878 0.0493821 0
    outer loop
      vertex -16.2937 -0.127421 3
      vertex -16.3 0 0
      vertex -16.3 0 3
    endloop
  endfacet
  facet normal 0.99878 0.0493821 0
    outer loop
      vertex -16.3 0 0
      vertex -16.2937 -0.127421 3
      vertex -16.2937 -0.127421 0
    endloop
  endfacet
  facet normal 0.740851 0.67167 0
    outer loop
      vertex -15.9192 -0.919238 3
      vertex -16.0049 -0.824711 0
      vertex -16.0049 -0.824711 3
    endloop
  endfacet
  facet normal 0.740851 0.67167 0
    outer loop
      vertex -16.0049 -0.824711 0
      vertex -15.9192 -0.919238 3
      vertex -15.9192 -0.919238 0
    endloop
  endfacet
  facet normal 0.803199 0.595711 0
    outer loop
      vertex -16.0049 -0.824711 3
      vertex -16.0809 -0.72224 0
      vertex -16.0809 -0.72224 3
    endloop
  endfacet
  facet normal 0.803199 0.595711 0
    outer loop
      vertex -16.0809 -0.72224 0
      vertex -16.0049 -0.824711 3
      vertex -16.0049 -0.824711 0
    endloop
  endfacet
  facet normal -0.595602 -0.803279 0
    outer loop
      vertex -14.2778 1.08091 0
      vertex -14.1753 1.00491 3
      vertex -14.2778 1.08091 3
    endloop
  endfacet
  facet normal -0.595602 -0.803279 -0
    outer loop
      vertex -14.1753 1.00491 3
      vertex -14.2778 1.08091 0
      vertex -14.1753 1.00491 0
    endloop
  endfacet
  facet normal 0.941492 -0.337036 0
    outer loop
      vertex -16.244 0.37737 3
      vertex -16.201 0.497488 0
      vertex -16.201 0.497488 3
    endloop
  endfacet
  facet normal 0.941492 -0.337036 0
    outer loop
      vertex -16.201 0.497488 0
      vertex -16.244 0.37737 3
      vertex -16.244 0.37737 0
    endloop
  endfacet
  facet normal -0.336942 0.941525 0
    outer loop
      vertex -14.5025 -1.20104 0
      vertex -14.6226 -1.24402 3
      vertex -14.5025 -1.20104 3
    endloop
  endfacet
  facet normal -0.336942 0.941525 0
    outer loop
      vertex -14.6226 -1.24402 3
      vertex -14.5025 -1.20104 0
      vertex -14.6226 -1.24402 0
    endloop
  endfacet
  facet normal -0.595602 0.803279 0
    outer loop
      vertex -14.1753 -1.00491 0
      vertex -14.2778 -1.08091 3
      vertex -14.1753 -1.00491 3
    endloop
  endfacet
  facet normal -0.595602 0.803279 0
    outer loop
      vertex -14.2778 -1.08091 3
      vertex -14.1753 -1.00491 0
      vertex -14.2778 -1.08091 0
    endloop
  endfacet
  facet normal -0.427601 0.903968 0
    outer loop
      vertex -14.3872 -1.1465 0
      vertex -14.5025 -1.20104 3
      vertex -14.3872 -1.1465 3
    endloop
  endfacet
  facet normal -0.427601 0.903968 0
    outer loop
      vertex -14.5025 -1.20104 3
      vertex -14.3872 -1.1465 0
      vertex -14.5025 -1.20104 0
    endloop
  endfacet
  facet normal 0.242904 0.97005 -0
    outer loop
      vertex -15.2536 -1.27502 0
      vertex -15.3774 -1.24402 3
      vertex -15.2536 -1.27502 3
    endloop
  endfacet
  facet normal 0.242904 0.97005 0
    outer loop
      vertex -15.3774 -1.24402 3
      vertex -15.2536 -1.27502 0
      vertex -15.3774 -1.24402 0
    endloop
  endfacet
  facet normal 0.595602 0.803279 -0
    outer loop
      vertex -15.7222 -1.08091 0
      vertex -15.8247 -1.00491 3
      vertex -15.7222 -1.08091 3
    endloop
  endfacet
  facet normal 0.595602 0.803279 0
    outer loop
      vertex -15.8247 -1.00491 3
      vertex -15.7222 -1.08091 0
      vertex -15.8247 -1.00491 0
    endloop
  endfacet
  facet normal 0.427601 0.903968 -0
    outer loop
      vertex -15.4975 -1.20104 0
      vertex -15.6128 -1.1465 3
      vertex -15.4975 -1.20104 3
    endloop
  endfacet
  facet normal 0.427601 0.903968 0
    outer loop
      vertex -15.6128 -1.1465 3
      vertex -15.4975 -1.20104 0
      vertex -15.6128 -1.1465 0
    endloop
  endfacet
  facet normal 0.989199 0.146582 0
    outer loop
      vertex -16.275 -0.253617 3
      vertex -16.2937 -0.127421 0
      vertex -16.2937 -0.127421 3
    endloop
  endfacet
  facet normal 0.989199 0.146582 0
    outer loop
      vertex -16.2937 -0.127421 0
      vertex -16.275 -0.253617 3
      vertex -16.275 -0.253617 0
    endloop
  endfacet
  facet normal 0.941492 0.337036 0
    outer loop
      vertex -16.201 -0.497488 3
      vertex -16.244 -0.37737 0
      vertex -16.244 -0.37737 3
    endloop
  endfacet
  facet normal 0.941492 0.337036 0
    outer loop
      vertex -16.244 -0.37737 0
      vertex -16.201 -0.497488 3
      vertex -16.201 -0.497488 0
    endloop
  endfacet
  facet normal 0.857683 0.514179 0
    outer loop
      vertex -16.0809 -0.72224 3
      vertex -16.1465 -0.612815 0
      vertex -16.1465 -0.612815 3
    endloop
  endfacet
  facet normal 0.857683 0.514179 0
    outer loop
      vertex -16.1465 -0.612815 0
      vertex -16.0809 -0.72224 3
      vertex -16.0809 -0.72224 0
    endloop
  endfacet
  facet normal -0.514208 0.857666 0
    outer loop
      vertex -14.2778 -1.08091 0
      vertex -14.3872 -1.1465 3
      vertex -14.2778 -1.08091 3
    endloop
  endfacet
  facet normal -0.514208 0.857666 0
    outer loop
      vertex -14.3872 -1.1465 3
      vertex -14.2778 -1.08091 0
      vertex -14.3872 -1.1465 0
    endloop
  endfacet
  facet normal -0.595602 -0.803279 0
    outer loop
      vertex 15.7222 1.08091 0
      vertex 15.8247 1.00491 3
      vertex 15.7222 1.08091 3
    endloop
  endfacet
  facet normal -0.595602 -0.803279 -0
    outer loop
      vertex 15.8247 1.00491 3
      vertex 15.7222 1.08091 0
      vertex 15.8247 1.00491 0
    endloop
  endfacet
  facet normal 0.336942 -0.941525 0
    outer loop
      vertex 14.5025 1.20104 0
      vertex 14.6226 1.24402 3
      vertex 14.5025 1.20104 3
    endloop
  endfacet
  facet normal 0.336942 -0.941525 0
    outer loop
      vertex 14.6226 1.24402 3
      vertex 14.5025 1.20104 0
      vertex 14.6226 1.24402 0
    endloop
  endfacet
  facet normal 0.904127 -0.427263 0
    outer loop
      vertex 13.799 0.497488 3
      vertex 13.8535 0.612815 0
      vertex 13.8535 0.612815 3
    endloop
  endfacet
  facet normal 0.904127 -0.427263 0
    outer loop
      vertex 13.8535 0.612815 0
      vertex 13.799 0.497488 3
      vertex 13.799 0.497488 0
    endloop
  endfacet
  facet normal -0.941492 0.337036 0
    outer loop
      vertex 16.201 -0.497488 0
      vertex 16.244 -0.37737 3
      vertex 16.244 -0.37737 0
    endloop
  endfacet
  facet normal -0.941492 0.337036 0
    outer loop
      vertex 16.244 -0.37737 3
      vertex 16.201 -0.497488 0
      vertex 16.201 -0.497488 3
    endloop
  endfacet
  facet normal 0.427601 0.903968 -0
    outer loop
      vertex 14.5025 -1.20104 0
      vertex 14.3872 -1.1465 3
      vertex 14.5025 -1.20104 3
    endloop
  endfacet
  facet normal 0.427601 0.903968 0
    outer loop
      vertex 14.3872 -1.1465 3
      vertex 14.5025 -1.20104 0
      vertex 14.3872 -1.1465 0
    endloop
  endfacet
  facet normal -0.904127 -0.427263 0
    outer loop
      vertex 16.201 0.497488 0
      vertex 16.1465 0.612815 3
      vertex 16.1465 0.612815 0
    endloop
  endfacet
  facet normal -0.904127 -0.427263 0
    outer loop
      vertex 16.1465 0.612815 3
      vertex 16.201 0.497488 0
      vertex 16.201 0.497488 3
    endloop
  endfacet
  facet normal -0.857683 -0.514179 0
    outer loop
      vertex 16.1465 0.612815 0
      vertex 16.0809 0.72224 3
      vertex 16.0809 0.72224 0
    endloop
  endfacet
  facet normal -0.857683 -0.514179 0
    outer loop
      vertex 16.0809 0.72224 3
      vertex 16.1465 0.612815 0
      vertex 16.1465 0.612815 3
    endloop
  endfacet
  facet normal -0.336942 -0.941525 0
    outer loop
      vertex 15.3774 1.24402 0
      vertex 15.4975 1.20104 3
      vertex 15.3774 1.24402 3
    endloop
  endfacet
  facet normal -0.336942 -0.941525 -0
    outer loop
      vertex 15.4975 1.20104 3
      vertex 15.3774 1.24402 0
      vertex 15.4975 1.20104 0
    endloop
  endfacet
  facet normal 0.740851 -0.67167 0
    outer loop
      vertex 13.9951 0.824711 3
      vertex 14.0808 0.919238 0
      vertex 14.0808 0.919238 3
    endloop
  endfacet
  facet normal 0.740851 -0.67167 0
    outer loop
      vertex 14.0808 0.919238 0
      vertex 13.9951 0.824711 3
      vertex 13.9951 0.824711 0
    endloop
  endfacet
  facet normal 0.14673 -0.989177 0
    outer loop
      vertex 14.7464 1.27502 0
      vertex 14.8726 1.29374 3
      vertex 14.7464 1.27502 3
    endloop
  endfacet
  facet normal 0.14673 -0.989177 0
    outer loop
      vertex 14.8726 1.29374 3
      vertex 14.7464 1.27502 0
      vertex 14.8726 1.29374 0
    endloop
  endfacet
  facet normal -0.803199 0.595711 0
    outer loop
      vertex 16.0049 -0.824711 0
      vertex 16.0809 -0.72224 3
      vertex 16.0809 -0.72224 0
    endloop
  endfacet
  facet normal -0.803199 0.595711 0
    outer loop
      vertex 16.0809 -0.72224 3
      vertex 16.0049 -0.824711 0
      vertex 16.0049 -0.824711 3
    endloop
  endfacet
  facet normal 0.14673 0.989177 -0
    outer loop
      vertex 14.8726 -1.29374 0
      vertex 14.7464 -1.27502 3
      vertex 14.8726 -1.29374 3
    endloop
  endfacet
  facet normal 0.14673 0.989177 0
    outer loop
      vertex 14.7464 -1.27502 3
      vertex 14.8726 -1.29374 0
      vertex 14.7464 -1.27502 0
    endloop
  endfacet
  facet normal 0.671654 0.740865 -0
    outer loop
      vertex 14.1753 -1.00491 0
      vertex 14.0808 -0.919238 3
      vertex 14.1753 -1.00491 3
    endloop
  endfacet
  facet normal 0.671654 0.740865 0
    outer loop
      vertex 14.0808 -0.919238 3
      vertex 14.1753 -1.00491 0
      vertex 14.0808 -0.919238 0
    endloop
  endfacet
  facet normal 0.803199 0.595711 0
    outer loop
      vertex 13.9951 -0.824711 3
      vertex 13.9191 -0.72224 0
      vertex 13.9191 -0.72224 3
    endloop
  endfacet
  facet normal 0.803199 0.595711 0
    outer loop
      vertex 13.9191 -0.72224 0
      vertex 13.9951 -0.824711 3
      vertex 13.9951 -0.824711 0
    endloop
  endfacet
  facet normal -0.970029 -0.242991 0
    outer loop
      vertex 16.275 0.253617 0
      vertex 16.244 0.37737 3
      vertex 16.244 0.37737 0
    endloop
  endfacet
  facet normal -0.970029 -0.242991 0
    outer loop
      vertex 16.244 0.37737 3
      vertex 16.275 0.253617 0
      vertex 16.275 0.253617 3
    endloop
  endfacet
  facet normal -0.941492 -0.337036 0
    outer loop
      vertex 16.244 0.37737 0
      vertex 16.201 0.497488 3
      vertex 16.201 0.497488 0
    endloop
  endfacet
  facet normal -0.941492 -0.337036 0
    outer loop
      vertex 16.201 0.497488 3
      vertex 16.244 0.37737 0
      vertex 16.244 0.37737 3
    endloop
  endfacet
  facet normal -0.740851 -0.67167 0
    outer loop
      vertex 16.0049 0.824711 0
      vertex 15.9192 0.919238 3
      vertex 15.9192 0.919238 0
    endloop
  endfacet
  facet normal -0.740851 -0.67167 0
    outer loop
      vertex 15.9192 0.919238 3
      vertex 16.0049 0.824711 0
      vertex 16.0049 0.824711 3
    endloop
  endfacet
  facet normal -0.803199 -0.595711 0
    outer loop
      vertex 16.0809 0.72224 0
      vertex 16.0049 0.824711 3
      vertex 16.0049 0.824711 0
    endloop
  endfacet
  facet normal -0.803199 -0.595711 0
    outer loop
      vertex 16.0049 0.824711 3
      vertex 16.0809 0.72224 0
      vertex 16.0809 0.72224 3
    endloop
  endfacet
  facet normal -0.671654 -0.740865 0
    outer loop
      vertex 15.8247 1.00491 0
      vertex 15.9192 0.919238 3
      vertex 15.8247 1.00491 3
    endloop
  endfacet
  facet normal -0.671654 -0.740865 -0
    outer loop
      vertex 15.9192 0.919238 3
      vertex 15.8247 1.00491 0
      vertex 15.9192 0.919238 0
    endloop
  endfacet
  facet normal -0.514208 -0.857666 0
    outer loop
      vertex 15.6128 1.1465 0
      vertex 15.7222 1.08091 3
      vertex 15.6128 1.1465 3
    endloop
  endfacet
  facet normal -0.514208 -0.857666 -0
    outer loop
      vertex 15.7222 1.08091 3
      vertex 15.6128 1.1465 0
      vertex 15.7222 1.08091 0
    endloop
  endfacet
  facet normal -0.0490774 -0.998795 0
    outer loop
      vertex 15 1.3 0
      vertex 15.1274 1.29374 3
      vertex 15 1.3 3
    endloop
  endfacet
  facet normal -0.0490774 -0.998795 -0
    outer loop
      vertex 15.1274 1.29374 3
      vertex 15 1.3 0
      vertex 15.1274 1.29374 0
    endloop
  endfacet
  facet normal -0.427601 -0.903968 0
    outer loop
      vertex 15.4975 1.20104 0
      vertex 15.6128 1.1465 3
      vertex 15.4975 1.20104 3
    endloop
  endfacet
  facet normal -0.427601 -0.903968 -0
    outer loop
      vertex 15.6128 1.1465 3
      vertex 15.4975 1.20104 0
      vertex 15.6128 1.1465 0
    endloop
  endfacet
  facet normal -0.242904 -0.97005 0
    outer loop
      vertex 15.2536 1.27502 0
      vertex 15.3774 1.24402 3
      vertex 15.2536 1.27502 3
    endloop
  endfacet
  facet normal -0.242904 -0.97005 -0
    outer loop
      vertex 15.3774 1.24402 3
      vertex 15.2536 1.27502 0
      vertex 15.3774 1.24402 0
    endloop
  endfacet
  facet normal 0.99878 -0.0493821 0
    outer loop
      vertex 13.7 0 3
      vertex 13.7063 0.127421 0
      vertex 13.7063 0.127421 3
    endloop
  endfacet
  facet normal 0.99878 -0.0493821 0
    outer loop
      vertex 13.7063 0.127421 0
      vertex 13.7 0 3
      vertex 13.7 0 0
    endloop
  endfacet
  facet normal 0.941492 -0.337036 0
    outer loop
      vertex 13.756 0.37737 3
      vertex 13.799 0.497488 0
      vertex 13.799 0.497488 3
    endloop
  endfacet
  facet normal 0.941492 -0.337036 0
    outer loop
      vertex 13.799 0.497488 0
      vertex 13.756 0.37737 3
      vertex 13.756 0.37737 0
    endloop
  endfacet
  facet normal 0.970029 -0.242991 0
    outer loop
      vertex 13.725 0.253617 3
      vertex 13.756 0.37737 0
      vertex 13.756 0.37737 3
    endloop
  endfacet
  facet normal 0.970029 -0.242991 0
    outer loop
      vertex 13.756 0.37737 0
      vertex 13.725 0.253617 3
      vertex 13.725 0.253617 0
    endloop
  endfacet
  facet normal 0.857683 -0.514179 0
    outer loop
      vertex 13.8535 0.612815 3
      vertex 13.9191 0.72224 0
      vertex 13.9191 0.72224 3
    endloop
  endfacet
  facet normal 0.857683 -0.514179 0
    outer loop
      vertex 13.9191 0.72224 0
      vertex 13.8535 0.612815 3
      vertex 13.8535 0.612815 0
    endloop
  endfacet
  facet normal 0.803199 -0.595711 0
    outer loop
      vertex 13.9191 0.72224 3
      vertex 13.9951 0.824711 0
      vertex 13.9951 0.824711 3
    endloop
  endfacet
  facet normal 0.803199 -0.595711 0
    outer loop
      vertex 13.9951 0.824711 0
      vertex 13.9191 0.72224 3
      vertex 13.9191 0.72224 0
    endloop
  endfacet
  facet normal 0.242904 -0.97005 0
    outer loop
      vertex 14.6226 1.24402 0
      vertex 14.7464 1.27502 3
      vertex 14.6226 1.24402 3
    endloop
  endfacet
  facet normal 0.242904 -0.97005 0
    outer loop
      vertex 14.7464 1.27502 3
      vertex 14.6226 1.24402 0
      vertex 14.7464 1.27502 0
    endloop
  endfacet
  facet normal 0.0490774 -0.998795 0
    outer loop
      vertex 14.8726 1.29374 0
      vertex 15 1.3 3
      vertex 14.8726 1.29374 3
    endloop
  endfacet
  facet normal 0.0490774 -0.998795 0
    outer loop
      vertex 15 1.3 3
      vertex 14.8726 1.29374 0
      vertex 15 1.3 0
    endloop
  endfacet
  facet normal 0.514208 -0.857666 0
    outer loop
      vertex 14.2778 1.08091 0
      vertex 14.3872 1.1465 3
      vertex 14.2778 1.08091 3
    endloop
  endfacet
  facet normal 0.514208 -0.857666 0
    outer loop
      vertex 14.3872 1.1465 3
      vertex 14.2778 1.08091 0
      vertex 14.3872 1.1465 0
    endloop
  endfacet
  facet normal 0.595602 -0.803279 0
    outer loop
      vertex 14.1753 1.00491 0
      vertex 14.2778 1.08091 3
      vertex 14.1753 1.00491 3
    endloop
  endfacet
  facet normal 0.595602 -0.803279 0
    outer loop
      vertex 14.2778 1.08091 3
      vertex 14.1753 1.00491 0
      vertex 14.2778 1.08091 0
    endloop
  endfacet
  facet normal 0.427601 -0.903968 0
    outer loop
      vertex 14.3872 1.1465 0
      vertex 14.5025 1.20104 3
      vertex 14.3872 1.1465 3
    endloop
  endfacet
  facet normal 0.427601 -0.903968 0
    outer loop
      vertex 14.5025 1.20104 3
      vertex 14.3872 1.1465 0
      vertex 14.5025 1.20104 0
    endloop
  endfacet
  facet normal 0.671654 -0.740865 0
    outer loop
      vertex 14.0808 0.919238 0
      vertex 14.1753 1.00491 3
      vertex 14.0808 0.919238 3
    endloop
  endfacet
  facet normal 0.671654 -0.740865 0
    outer loop
      vertex 14.1753 1.00491 3
      vertex 14.0808 0.919238 0
      vertex 14.1753 1.00491 0
    endloop
  endfacet
  facet normal -0.99878 -0.0493821 0
    outer loop
      vertex 16.3 0 0
      vertex 16.2937 0.127421 3
      vertex 16.2937 0.127421 0
    endloop
  endfacet
  facet normal -0.99878 -0.0493821 0
    outer loop
      vertex 16.2937 0.127421 3
      vertex 16.3 0 0
      vertex 16.3 0 3
    endloop
  endfacet
  facet normal -0.0490774 0.998795 0
    outer loop
      vertex 15.1274 -1.29374 0
      vertex 15 -1.3 3
      vertex 15.1274 -1.29374 3
    endloop
  endfacet
  facet normal -0.0490774 0.998795 0
    outer loop
      vertex 15 -1.3 3
      vertex 15.1274 -1.29374 0
      vertex 15 -1.3 0
    endloop
  endfacet
  facet normal -0.970029 0.242991 0
    outer loop
      vertex 16.244 -0.37737 0
      vertex 16.275 -0.253617 3
      vertex 16.275 -0.253617 0
    endloop
  endfacet
  facet normal -0.970029 0.242991 0
    outer loop
      vertex 16.275 -0.253617 3
      vertex 16.244 -0.37737 0
      vertex 16.244 -0.37737 3
    endloop
  endfacet
  facet normal -0.14673 0.989177 0
    outer loop
      vertex 15.2536 -1.27502 0
      vertex 15.1274 -1.29374 3
      vertex 15.2536 -1.27502 3
    endloop
  endfacet
  facet normal -0.14673 0.989177 0
    outer loop
      vertex 15.1274 -1.29374 3
      vertex 15.2536 -1.27502 0
      vertex 15.1274 -1.29374 0
    endloop
  endfacet
  facet normal -0.242904 0.97005 0
    outer loop
      vertex 15.3774 -1.24402 0
      vertex 15.2536 -1.27502 3
      vertex 15.3774 -1.24402 3
    endloop
  endfacet
  facet normal -0.242904 0.97005 0
    outer loop
      vertex 15.2536 -1.27502 3
      vertex 15.3774 -1.24402 0
      vertex 15.2536 -1.27502 0
    endloop
  endfacet
  facet normal -0.671654 0.740865 0
    outer loop
      vertex 15.9192 -0.919238 0
      vertex 15.8247 -1.00491 3
      vertex 15.9192 -0.919238 3
    endloop
  endfacet
  facet normal -0.671654 0.740865 0
    outer loop
      vertex 15.8247 -1.00491 3
      vertex 15.9192 -0.919238 0
      vertex 15.8247 -1.00491 0
    endloop
  endfacet
  facet normal -0.427601 0.903968 0
    outer loop
      vertex 15.6128 -1.1465 0
      vertex 15.4975 -1.20104 3
      vertex 15.6128 -1.1465 3
    endloop
  endfacet
  facet normal -0.427601 0.903968 0
    outer loop
      vertex 15.4975 -1.20104 3
      vertex 15.6128 -1.1465 0
      vertex 15.4975 -1.20104 0
    endloop
  endfacet
  facet normal -0.904127 0.427263 0
    outer loop
      vertex 16.1465 -0.612815 0
      vertex 16.201 -0.497488 3
      vertex 16.201 -0.497488 0
    endloop
  endfacet
  facet normal -0.904127 0.427263 0
    outer loop
      vertex 16.201 -0.497488 3
      vertex 16.1465 -0.612815 0
      vertex 16.1465 -0.612815 3
    endloop
  endfacet
  facet normal 0.0490774 0.998795 -0
    outer loop
      vertex 15 -1.3 0
      vertex 14.8726 -1.29374 3
      vertex 15 -1.3 3
    endloop
  endfacet
  facet normal 0.0490774 0.998795 0
    outer loop
      vertex 14.8726 -1.29374 3
      vertex 15 -1.3 0
      vertex 14.8726 -1.29374 0
    endloop
  endfacet
  facet normal 0.336942 0.941525 -0
    outer loop
      vertex 14.6226 -1.24402 0
      vertex 14.5025 -1.20104 3
      vertex 14.6226 -1.24402 3
    endloop
  endfacet
  facet normal 0.336942 0.941525 0
    outer loop
      vertex 14.5025 -1.20104 3
      vertex 14.6226 -1.24402 0
      vertex 14.5025 -1.20104 0
    endloop
  endfacet
  facet normal 0.514208 0.857666 -0
    outer loop
      vertex 14.3872 -1.1465 0
      vertex 14.2778 -1.08091 3
      vertex 14.3872 -1.1465 3
    endloop
  endfacet
  facet normal 0.514208 0.857666 0
    outer loop
      vertex 14.2778 -1.08091 3
      vertex 14.3872 -1.1465 0
      vertex 14.2778 -1.08091 0
    endloop
  endfacet
  facet normal 0.99878 0.0493821 0
    outer loop
      vertex 13.7063 -0.127421 3
      vertex 13.7 0 0
      vertex 13.7 0 3
    endloop
  endfacet
  facet normal 0.99878 0.0493821 0
    outer loop
      vertex 13.7 0 0
      vertex 13.7063 -0.127421 3
      vertex 13.7063 -0.127421 0
    endloop
  endfacet
  facet normal 0.970029 0.242991 0
    outer loop
      vertex 13.756 -0.37737 3
      vertex 13.725 -0.253617 0
      vertex 13.725 -0.253617 3
    endloop
  endfacet
  facet normal 0.970029 0.242991 0
    outer loop
      vertex 13.725 -0.253617 0
      vertex 13.756 -0.37737 3
      vertex 13.756 -0.37737 0
    endloop
  endfacet
  facet normal 0.989199 0.146582 0
    outer loop
      vertex 13.725 -0.253617 3
      vertex 13.7063 -0.127421 0
      vertex 13.7063 -0.127421 3
    endloop
  endfacet
  facet normal 0.989199 0.146582 0
    outer loop
      vertex 13.7063 -0.127421 0
      vertex 13.725 -0.253617 3
      vertex 13.725 -0.253617 0
    endloop
  endfacet
  facet normal 0.904127 0.427263 0
    outer loop
      vertex 13.8535 -0.612815 3
      vertex 13.799 -0.497488 0
      vertex 13.799 -0.497488 3
    endloop
  endfacet
  facet normal 0.904127 0.427263 0
    outer loop
      vertex 13.799 -0.497488 0
      vertex 13.8535 -0.612815 3
      vertex 13.8535 -0.612815 0
    endloop
  endfacet
  facet normal -0.989199 -0.146582 0
    outer loop
      vertex 16.2937 0.127421 0
      vertex 16.275 0.253617 3
      vertex 16.275 0.253617 0
    endloop
  endfacet
  facet normal -0.989199 -0.146582 0
    outer loop
      vertex 16.275 0.253617 3
      vertex 16.2937 0.127421 0
      vertex 16.2937 0.127421 3
    endloop
  endfacet
  facet normal -0.14673 -0.989177 0
    outer loop
      vertex 15.1274 1.29374 0
      vertex 15.2536 1.27502 3
      vertex 15.1274 1.29374 3
    endloop
  endfacet
  facet normal -0.14673 -0.989177 -0
    outer loop
      vertex 15.2536 1.27502 3
      vertex 15.1274 1.29374 0
      vertex 15.2536 1.27502 0
    endloop
  endfacet
  facet normal 0.989199 -0.146582 0
    outer loop
      vertex 13.7063 0.127421 3
      vertex 13.725 0.253617 0
      vertex 13.725 0.253617 3
    endloop
  endfacet
  facet normal 0.989199 -0.146582 0
    outer loop
      vertex 13.725 0.253617 0
      vertex 13.7063 0.127421 3
      vertex 13.7063 0.127421 0
    endloop
  endfacet
  facet normal -0.989199 0.146582 0
    outer loop
      vertex 16.275 -0.253617 0
      vertex 16.2937 -0.127421 3
      vertex 16.2937 -0.127421 0
    endloop
  endfacet
  facet normal -0.989199 0.146582 0
    outer loop
      vertex 16.2937 -0.127421 3
      vertex 16.275 -0.253617 0
      vertex 16.275 -0.253617 3
    endloop
  endfacet
  facet normal -0.336942 0.941525 0
    outer loop
      vertex 15.4975 -1.20104 0
      vertex 15.3774 -1.24402 3
      vertex 15.4975 -1.20104 3
    endloop
  endfacet
  facet normal -0.336942 0.941525 0
    outer loop
      vertex 15.3774 -1.24402 3
      vertex 15.4975 -1.20104 0
      vertex 15.3774 -1.24402 0
    endloop
  endfacet
  facet normal -0.740851 0.67167 0
    outer loop
      vertex 15.9192 -0.919238 0
      vertex 16.0049 -0.824711 3
      vertex 16.0049 -0.824711 0
    endloop
  endfacet
  facet normal -0.740851 0.67167 0
    outer loop
      vertex 16.0049 -0.824711 3
      vertex 15.9192 -0.919238 0
      vertex 15.9192 -0.919238 3
    endloop
  endfacet
  facet normal -0.595602 0.803279 0
    outer loop
      vertex 15.8247 -1.00491 0
      vertex 15.7222 -1.08091 3
      vertex 15.8247 -1.00491 3
    endloop
  endfacet
  facet normal -0.595602 0.803279 0
    outer loop
      vertex 15.7222 -1.08091 3
      vertex 15.8247 -1.00491 0
      vertex 15.7222 -1.08091 0
    endloop
  endfacet
  facet normal -0.514208 0.857666 0
    outer loop
      vertex 15.7222 -1.08091 0
      vertex 15.6128 -1.1465 3
      vertex 15.7222 -1.08091 3
    endloop
  endfacet
  facet normal -0.514208 0.857666 0
    outer loop
      vertex 15.6128 -1.1465 3
      vertex 15.7222 -1.08091 0
      vertex 15.6128 -1.1465 0
    endloop
  endfacet
  facet normal -0.857683 0.514179 0
    outer loop
      vertex 16.0809 -0.72224 0
      vertex 16.1465 -0.612815 3
      vertex 16.1465 -0.612815 0
    endloop
  endfacet
  facet normal -0.857683 0.514179 0
    outer loop
      vertex 16.1465 -0.612815 3
      vertex 16.0809 -0.72224 0
      vertex 16.0809 -0.72224 3
    endloop
  endfacet
  facet normal 0.242904 0.97005 -0
    outer loop
      vertex 14.7464 -1.27502 0
      vertex 14.6226 -1.24402 3
      vertex 14.7464 -1.27502 3
    endloop
  endfacet
  facet normal 0.242904 0.97005 0
    outer loop
      vertex 14.6226 -1.24402 3
      vertex 14.7464 -1.27502 0
      vertex 14.6226 -1.24402 0
    endloop
  endfacet
  facet normal 0.595602 0.803279 -0
    outer loop
      vertex 14.2778 -1.08091 0
      vertex 14.1753 -1.00491 3
      vertex 14.2778 -1.08091 3
    endloop
  endfacet
  facet normal 0.595602 0.803279 0
    outer loop
      vertex 14.1753 -1.00491 3
      vertex 14.2778 -1.08091 0
      vertex 14.1753 -1.00491 0
    endloop
  endfacet
  facet normal 0.941492 0.337036 0
    outer loop
      vertex 13.799 -0.497488 3
      vertex 13.756 -0.37737 0
      vertex 13.756 -0.37737 3
    endloop
  endfacet
  facet normal 0.941492 0.337036 0
    outer loop
      vertex 13.756 -0.37737 0
      vertex 13.799 -0.497488 3
      vertex 13.799 -0.497488 0
    endloop
  endfacet
  facet normal 0.857683 0.514179 0
    outer loop
      vertex 13.9191 -0.72224 3
      vertex 13.8535 -0.612815 0
      vertex 13.8535 -0.612815 3
    endloop
  endfacet
  facet normal 0.857683 0.514179 0
    outer loop
      vertex 13.8535 -0.612815 0
      vertex 13.9191 -0.72224 3
      vertex 13.9191 -0.72224 0
    endloop
  endfacet
  facet normal 0.740851 0.67167 0
    outer loop
      vertex 14.0808 -0.919238 3
      vertex 13.9951 -0.824711 0
      vertex 13.9951 -0.824711 3
    endloop
  endfacet
  facet normal 0.740851 0.67167 0
    outer loop
      vertex 13.9951 -0.824711 0
      vertex 14.0808 -0.919238 3
      vertex 14.0808 -0.919238 0
    endloop
  endfacet
  facet normal -0.99878 0.0493821 0
    outer loop
      vertex 16.2937 -0.127421 0
      vertex 16.3 0 3
      vertex 16.3 0 0
    endloop
  endfacet
  facet normal -0.99878 0.0493821 0
    outer loop
      vertex 16.3 0 3
      vertex 16.2937 -0.127421 0
      vertex 16.2937 -0.127421 3
    endloop
  endfacet
  facet normal -0.970023 -0.243015 0
    outer loop
      vertex -20.9139 -10.5806 0
      vertex -20.9616 -10.3902 3
      vertex -20.9616 -10.3902 0
    endloop
  endfacet
  facet normal -0.970023 -0.243015 0
    outer loop
      vertex -20.9616 -10.3902 3
      vertex -20.9139 -10.5806 0
      vertex -20.9139 -10.5806 3
    endloop
  endfacet
  facet normal -0.941419 -0.33724 0
    outer loop
      vertex -20.8477 -10.7654 0
      vertex -20.9139 -10.5806 3
      vertex -20.9139 -10.5806 0
    endloop
  endfacet
  facet normal -0.941419 -0.33724 0
    outer loop
      vertex -20.9139 -10.5806 3
      vertex -20.8477 -10.7654 0
      vertex -20.8477 -10.7654 3
    endloop
  endfacet
  facet normal 0.970023 0.243015 0
    outer loop
      vertex 20.9616 10.3902 3
      vertex 20.9139 10.5806 0
      vertex 20.9139 10.5806 3
    endloop
  endfacet
  facet normal 0.970023 0.243015 0
    outer loop
      vertex 20.9139 10.5806 0
      vertex 20.9616 10.3902 3
      vertex 20.9616 10.3902 0
    endloop
  endfacet
  facet normal -0.595508 0.80335 0
    outer loop
      vertex -20.1111 11.6629 0
      vertex -20.2688 11.546 3
      vertex -20.1111 11.6629 3
    endloop
  endfacet
  facet normal -0.595508 0.80335 0
    outer loop
      vertex -20.2688 11.546 3
      vertex -20.1111 11.6629 0
      vertex -20.2688 11.546 0
    endloop
  endfacet
  facet normal -1 0 0
    outer loop
      vertex -21 -10 0
      vertex -21 10 3
      vertex -21 10 0
    endloop
  endfacet
  facet normal -1 -0 0
    outer loop
      vertex -21 10 3
      vertex -21 -10 0
      vertex -21 -10 3
    endloop
  endfacet
  facet normal 0 0 -1
    outer loop
      vertex 19 -12 0
      vertex 21 -10 0
      vertex 20.9904 -10.196 0
    endloop
  endfacet
  facet normal 0 0 -1
    outer loop
      vertex 21 -10 0
      vertex 16.3 0 0
      vertex 21 10 0
    endloop
  endfacet
  facet normal 0 0 -1
    outer loop
      vertex 19 -12 0
      vertex 20.9904 -10.196 0
      vertex 20.9616 -10.3902 0
    endloop
  endfacet
  facet normal 0 0 -1
    outer loop
      vertex 16.2937 0.127421 0
      vertex 21 10 0
      vertex 16.3 0 0
    endloop
  endfacet
  facet normal 0 0 -1
    outer loop
      vertex 19 -12 0
      vertex 20.9616 -10.3902 0
      vertex 20.9139 -10.5806 0
    endloop
  endfacet
  facet normal 0 0 -1
    outer loop
      vertex 16.275 0.253617 0
      vertex 21 10 0
      vertex 16.2937 0.127421 0
    endloop
  endfacet
  facet normal 0 0 -1
    outer loop
      vertex 19 -12 0
      vertex 20.9139 -10.5806 0
      vertex 20.8477 -10.7654 0
    endloop
  endfacet
  facet normal 0 0 -1
    outer loop
      vertex 16.244 0.37737 0
      vertex 21 10 0
      vertex 16.275 0.253617 0
    endloop
  endfacet
  facet normal 0 0 -1
    outer loop
      vertex 19 -12 0
      vertex 20.8477 -10.7654 0
      vertex 20.7638 -10.9428 0
    endloop
  endfacet
  facet normal 0 0 -1
    outer loop
      vertex 16.201 0.497488 0
      vertex 21 10 0
      vertex 16.244 0.37737 0
    endloop
  endfacet
  facet normal 0 0 -1
    outer loop
      vertex 19 -12 0
      vertex 20.7638 -10.9428 0
      vertex 20.6629 -11.1111 0
    endloop
  endfacet
  facet normal 0 0 -1
    outer loop
      vertex 16.1465 0.612815 0
      vertex 21 10 0
      vertex 16.201 0.497488 0
    endloop
  endfacet
  facet normal 0 0 -1
    outer loop
      vertex 19 -12 0
      vertex 20.6629 -11.1111 0
      vertex 20.546 -11.2688 0
    endloop
  endfacet
  facet normal 0 0 -1
    outer loop
      vertex 16.0809 0.72224 0
      vertex 21 10 0
      vertex 16.1465 0.612815 0
    endloop
  endfacet
  facet normal 0 0 -1
    outer loop
      vertex 19 -12 0
      vertex 20.546 -11.2688 0
      vertex 20.4142 -11.4142 0
    endloop
  endfacet
  facet normal 0 0 -1
    outer loop
      vertex 16.0049 0.824711 0
      vertex 21 10 0
      vertex 16.0809 0.72224 0
    endloop
  endfacet
  facet normal 0 0 -1
    outer loop
      vertex 19 -12 0
      vertex 20.4142 -11.4142 0
      vertex 20.2688 -11.546 0
    endloop
  endfacet
  facet normal 0 0 -1
    outer loop
      vertex 15.9192 0.919238 0
      vertex 21 10 0
      vertex 16.0049 0.824711 0
    endloop
  endfacet
  facet normal 0 0 -1
    outer loop
      vertex 19 -12 0
      vertex 20.2688 -11.546 0
      vertex 20.1111 -11.6629 0
    endloop
  endfacet
  facet normal 0 0 -1
    outer loop
      vertex 15.8247 1.00491 0
      vertex 21 10 0
      vertex 15.9192 0.919238 0
    endloop
  endfacet
  facet normal 0 0 -1
    outer loop
      vertex 19 -12 0
      vertex 20.1111 -11.6629 0
      vertex 19.9428 -11.7638 0
    endloop
  endfacet
  facet normal 0 0 -1
    outer loop
      vertex 15.7222 1.08091 0
      vertex 21 10 0
      vertex 15.8247 1.00491 0
    endloop
  endfacet
  facet normal 0 0 -1
    outer loop
      vertex 19 -12 0
      vertex 19.9428 -11.7638 0
      vertex 19.7654 -11.8477 0
    endloop
  endfacet
  facet normal 0 0 -1
    outer loop
      vertex 15.6128 1.1465 0
      vertex 21 10 0
      vertex 15.7222 1.08091 0
    endloop
  endfacet
  facet normal 0 0 -1
    outer loop
      vertex 19 -12 0
      vertex 19.7654 -11.8477 0
      vertex 19.5806 -11.9139 0
    endloop
  endfacet
  facet normal 0 0 -1
    outer loop
      vertex 15.4975 1.20104 0
      vertex 21 10 0
      vertex 15.6128 1.1465 0
    endloop
  endfacet
  facet normal 0 0 -1
    outer loop
      vertex 19 -12 0
      vertex 19.5806 -11.9139 0
      vertex 19.3902 -11.9616 0
    endloop
  endfacet
  facet normal 0 0 -1
    outer loop
      vertex 15.3774 1.24402 0
      vertex 21 10 0
      vertex 15.4975 1.20104 0
    endloop
  endfacet
  facet normal 0 0 -1
    outer loop
      vertex 19 -12 0
      vertex 19.3902 -11.9616 0
      vertex 19.196 -11.9904 0
    endloop
  endfacet
  facet normal 0 0 -1
    outer loop
      vertex 15.2536 1.27502 0
      vertex 21 10 0
      vertex 15.3774 1.24402 0
    endloop
  endfacet
  facet normal -0 0 -1
    outer loop
      vertex 21 -10 0
      vertex 19 -12 0
      vertex 15.2536 -1.27502 0
    endloop
  endfacet
  facet normal 0 -0 -1
    outer loop
      vertex 19 12 0
      vertex 21 10 0
      vertex 15.2536 1.27502 0
    endloop
  endfacet
  facet normal 0 0 -1
    outer loop
      vertex 21 10 0
      vertex 19 12 0
      vertex 20.9904 10.196 0
    endloop
  endfacet
  facet normal 0 0 -1
    outer loop
      vertex 21 -10 0
      vertex 16.2937 -0.127421 0
      vertex 16.3 0 0
    endloop
  endfacet
  facet normal 0 0 -1
    outer loop
      vertex 21 -10 0
      vertex 16.275 -0.253617 0
      vertex 16.2937 -0.127421 0
    endloop
  endfacet
  facet normal 0 0 -1
    outer loop
      vertex 21 -10 0
      vertex 16.244 -0.37737 0
      vertex 16.275 -0.253617 0
    endloop
  endfacet
  facet normal 0 0 -1
    outer loop
      vertex 21 -10 0
      vertex 16.201 -0.497488 0
      vertex 16.244 -0.37737 0
    endloop
  endfacet
  facet normal 0 0 -1
    outer loop
      vertex 21 -10 0
      vertex 16.1465 -0.612815 0
      vertex 16.201 -0.497488 0
    endloop
  endfacet
  facet normal 0 0 -1
    outer loop
      vertex 21 -10 0
      vertex 16.0809 -0.72224 0
      vertex 16.1465 -0.612815 0
    endloop
  endfacet
  facet normal 0 0 -1
    outer loop
      vertex 21 -10 0
      vertex 16.0049 -0.824711 0
      vertex 16.0809 -0.72224 0
    endloop
  endfacet
  facet normal 0 0 -1
    outer loop
      vertex 21 -10 0
      vertex 15.9192 -0.919238 0
      vertex 16.0049 -0.824711 0
    endloop
  endfacet
  facet normal 0 0 -1
    outer loop
      vertex 21 -10 0
      vertex 15.8247 -1.00491 0
      vertex 15.9192 -0.919238 0
    endloop
  endfacet
  facet normal 0 0 -1
    outer loop
      vertex 21 -10 0
      vertex 15.7222 -1.08091 0
      vertex 15.8247 -1.00491 0
    endloop
  endfacet
  facet normal 0 0 -1
    outer loop
      vertex 21 -10 0
      vertex 15.6128 -1.1465 0
      vertex 15.7222 -1.08091 0
    endloop
  endfacet
  facet normal 0 0 -1
    outer loop
      vertex 21 -10 0
      vertex 15.4975 -1.20104 0
      vertex 15.6128 -1.1465 0
    endloop
  endfacet
  facet normal 0 0 -1
    outer loop
      vertex 21 -10 0
      vertex 15.3774 -1.24402 0
      vertex 15.4975 -1.20104 0
    endloop
  endfacet
  facet normal 0 0 -1
    outer loop
      vertex 21 -10 0
      vertex 15.2536 -1.27502 0
      vertex 15.3774 -1.24402 0
    endloop
  endfacet
  facet normal 0 0 -1
    outer loop
      vertex 19 -12 0
      vertex 15.1274 -1.29374 0
      vertex 15.2536 -1.27502 0
    endloop
  endfacet
  facet normal 0 0 -1
    outer loop
      vertex 19 -12 0
      vertex 15 -1.3 0
      vertex 15.1274 -1.29374 0
    endloop
  endfacet
  facet normal 0 0 -1
    outer loop
      vertex 19 -12 0
      vertex 14.8726 -1.29374 0
      vertex 15 -1.3 0
    endloop
  endfacet
  facet normal 0 0 -1
    outer loop
      vertex 19 -12 0
      vertex 14.7464 -1.27502 0
      vertex 14.8726 -1.29374 0
    endloop
  endfacet
  facet normal 0 0 -1
    outer loop
      vertex 7.32866 -4.28892 0
      vertex 14.7464 -1.27502 0
      vertex 19 -12 0
    endloop
  endfacet
  facet normal -0 0 -1
    outer loop
      vertex 14.7464 -1.27502 0
      vertex 7.32866 -4.28892 0
      vertex 14.6226 -1.24402 0
    endloop
  endfacet
  facet normal 0 -0 -1
    outer loop
      vertex 7.45479 -4.07848 0
      vertex 14.6226 -1.24402 0
      vertex 7.32866 -4.28892 0
    endloop
  endfacet
  facet normal -0 0 -1
    outer loop
      vertex 14.6226 -1.24402 0
      vertex 7.45479 -4.07848 0
      vertex 14.5025 -1.20104 0
    endloop
  endfacet
  facet normal 0 -0 -1
    outer loop
      vertex 7.55969 -3.8567 0
      vertex 14.5025 -1.20104 0
      vertex 7.45479 -4.07848 0
    endloop
  endfacet
  facet normal -0 0 -1
    outer loop
      vertex 14.5025 -1.20104 0
      vertex 7.55969 -3.8567 0
      vertex 14.3872 -1.1465 0
    endloop
  endfacet
  facet normal 0 -0 -1
    outer loop
      vertex 7.64235 -3.62571 0
      vertex 14.3872 -1.1465 0
      vertex 7.55969 -3.8567 0
    endloop
  endfacet
  facet normal 0 -0 -1
    outer loop
      vertex 7.70195 -3.38772 0
      vertex 14.2778 -1.08091 0
      vertex 7.64235 -3.62571 0
    endloop
  endfacet
  facet normal -0 0 -1
    outer loop
      vertex 14.2778 -1.08091 0
      vertex 7.70195 -3.38772 0
      vertex 14.1753 -1.00491 0
    endloop
  endfacet
  facet normal -0 0 -1
    outer loop
      vertex 14.1753 -1.00491 0
      vertex 7.70195 -3.38772 0
      vertex 14.0808 -0.919238 0
    endloop
  endfacet
  facet normal -0 0 -1
    outer loop
      vertex 13.7063 -0.127421 0
      vertex 7.75 -2.9 0
      vertex 13.7 0 0
    endloop
  endfacet
  facet normal -0 0 -1
    outer loop
      vertex 13.725 -0.253617 0
      vertex 7.75 -2.9 0
      vertex 13.7063 -0.127421 0
    endloop
  endfacet
  facet normal -0 0 -1
    outer loop
      vertex 13.756 -0.37737 0
      vertex 7.75 -2.9 0
      vertex 13.725 -0.253617 0
    endloop
  endfacet
  facet normal -0 0 -1
    outer loop
      vertex 13.799 -0.497488 0
      vertex 7.75 -2.9 0
      vertex 13.756 -0.37737 0
    endloop
  endfacet
  facet normal 0 -0 -1
    outer loop
      vertex 7.73796 -3.14504 0
      vertex 14.0808 -0.919238 0
      vertex 7.70195 -3.38772 0
    endloop
  endfacet
  facet normal -0 0 -1
    outer loop
      vertex 13.8535 -0.612815 0
      vertex 7.75 -2.9 0
      vertex 13.799 -0.497488 0
    endloop
  endfacet
  facet normal -0 0 -1
    outer loop
      vertex 13.9191 -0.72224 0
      vertex 7.75 -2.9 0
      vertex 13.8535 -0.612815 0
    endloop
  endfacet
  facet normal -0 0 -1
    outer loop
      vertex 13.9951 -0.824711 0
      vertex 7.75 -2.9 0
      vertex 13.9191 -0.72224 0
    endloop
  endfacet
  facet normal 0 -0 -1
    outer loop
      vertex 7.75 -2.9 0
      vertex 13.9951 -0.824711 0
      vertex 7.73796 -3.14504 0
    endloop
  endfacet
  facet normal -0 0 -1
    outer loop
      vertex 14.0808 -0.919238 0
      vertex 7.73796 -3.14504 0
      vertex 13.9951 -0.824711 0
    endloop
  endfacet
  facet normal -0 0 -1
    outer loop
      vertex 14.3872 -1.1465 0
      vertex 7.64235 -3.62571 0
      vertex 14.2778 -1.08091 0
    endloop
  endfacet
  facet normal 0 0 -1
    outer loop
      vertex 19 -12 0
      vertex 7.18253 -4.48597 0
      vertex 7.32866 -4.28892 0
    endloop
  endfacet
  facet normal 0 0 -1
    outer loop
      vertex 19 -12 0
      vertex 7.01776 -4.66776 0
      vertex 7.18253 -4.48597 0
    endloop
  endfacet
  facet normal 0 0 -1
    outer loop
      vertex 19 -12 0
      vertex 6.83597 -4.83253 0
      vertex 7.01776 -4.66776 0
    endloop
  endfacet
  facet normal 0 0 -1
    outer loop
      vertex 19 -12 0
      vertex 6.63892 -4.97866 0
      vertex 6.83597 -4.83253 0
    endloop
  endfacet
  facet normal 0 0 -1
    outer loop
      vertex 19 -12 0
      vertex 6.42848 -5.10479 0
      vertex 6.63892 -4.97866 0
    endloop
  endfacet
  facet normal 0 0 -1
    outer loop
      vertex 19 -12 0
      vertex 6.2067 -5.20969 0
      vertex 6.42848 -5.10479 0
    endloop
  endfacet
  facet normal 0 0 -1
    outer loop
      vertex 19 -12 0
      vertex 5.97571 -5.29235 0
      vertex 6.2067 -5.20969 0
    endloop
  endfacet
  facet normal 0 0 -1
    outer loop
      vertex 19 -12 0
      vertex 5.73772 -5.35195 0
      vertex 5.97571 -5.29235 0
    endloop
  endfacet
  facet normal 0 0 -1
    outer loop
      vertex 19 -12 0
      vertex 5.49504 -5.38796 0
      vertex 5.73772 -5.35195 0
    endloop
  endfacet
  facet normal 0 0 -1
    outer loop
      vertex 19 -12 0
      vertex 5.25 -5.4 0
      vertex 5.49504 -5.38796 0
    endloop
  endfacet
  facet normal 0 0 -1
    outer loop
      vertex 19 -12 0
      vertex 5.00496 -5.38796 0
      vertex 5.25 -5.4 0
    endloop
  endfacet
  facet normal 0 0 -1
    outer loop
      vertex 19 -12 0
      vertex 4.76228 -5.35195 0
      vertex 5.00496 -5.38796 0
    endloop
  endfacet
  facet normal 0 0 -1
    outer loop
      vertex -4.76228 -5.35195 0
      vertex 4.76228 -5.35195 0
      vertex 19 -12 0
    endloop
  endfacet
  facet normal 0 0 -1
    outer loop
      vertex 4.76228 -5.35195 0
      vertex -4.76228 -5.35195 0
      vertex 4.52429 -5.29235 0
    endloop
  endfacet
  facet normal 0 0 -1
    outer loop
      vertex 2.75 -2.9 0
      vertex -2.75 -2.9 0
      vertex 2.75 6.1 0
    endloop
  endfacet
  facet normal 0 0 -1
    outer loop
      vertex 2.76204 -3.14504 0
      vertex -2.75 -2.9 0
      vertex 2.75 -2.9 0
    endloop
  endfacet
  facet normal 0 0 -1
    outer loop
      vertex -2.76204 -3.14504 0
      vertex 2.76204 -3.14504 0
      vertex 2.79805 -3.38772 0
    endloop
  endfacet
  facet normal 0 0 -1
    outer loop
      vertex -2.79805 -3.38772 0
      vertex 2.79805 -3.38772 0
      vertex 2.85765 -3.62571 0
    endloop
  endfacet
  facet normal 0 0 -1
    outer loop
      vertex -2.85765 -3.62571 0
      vertex 2.85765 -3.62571 0
      vertex 2.94031 -3.8567 0
    endloop
  endfacet
  facet normal 0 0 -1
    outer loop
      vertex -2.94031 -3.8567 0
      vertex 2.94031 -3.8567 0
      vertex 3.04521 -4.07848 0
    endloop
  endfacet
  facet normal 0 0 -1
    outer loop
      vertex -3.04521 -4.07848 0
      vertex 3.04521 -4.07848 0
      vertex 3.17134 -4.28892 0
    endloop
  endfacet
  facet normal 0 0 -1
    outer loop
      vertex -3.17134 -4.28892 0
      vertex 3.17134 -4.28892 0
      vertex 3.31747 -4.48597 0
    endloop
  endfacet
  facet normal 0 0 -1
    outer loop
      vertex -3.31747 -4.48597 0
      vertex 3.31747 -4.48597 0
      vertex 3.48224 -4.66776 0
    endloop
  endfacet
  facet normal 0 0 -1
    outer loop
      vertex -3.48224 -4.66776 0
      vertex 3.48224 -4.66776 0
      vertex 3.66403 -4.83253 0
    endloop
  endfacet
  facet normal 0 0 -1
    outer loop
      vertex -3.66403 -4.83253 0
      vertex 3.66403 -4.83253 0
      vertex 3.86108 -4.97866 0
    endloop
  endfacet
  facet normal 0 0 -1
    outer loop
      vertex -3.86108 -4.97866 0
      vertex 3.86108 -4.97866 0
      vertex 4.07152 -5.10479 0
    endloop
  endfacet
  facet normal 0 0 -1
    outer loop
      vertex -4.07152 -5.10479 0
      vertex 4.07152 -5.10479 0
      vertex 4.2933 -5.20969 0
    endloop
  endfacet
  facet normal 0 -0 -1
    outer loop
      vertex -4.52429 -5.29235 0
      vertex 4.52429 -5.29235 0
      vertex -4.76228 -5.35195 0
    endloop
  endfacet
  facet normal 0 0 -1
    outer loop
      vertex 2.76204 -3.14504 0
      vertex -2.76204 -3.14504 0
      vertex -2.75 -2.9 0
    endloop
  endfacet
  facet normal 0 0 -1
    outer loop
      vertex 2.79805 -3.38772 0
      vertex -2.79805 -3.38772 0
      vertex -2.76204 -3.14504 0
    endloop
  endfacet
  facet normal 0 0 -1
    outer loop
      vertex 2.85765 -3.62571 0
      vertex -2.85765 -3.62571 0
      vertex -2.79805 -3.38772 0
    endloop
  endfacet
  facet normal 0 0 -1
    outer loop
      vertex 2.94031 -3.8567 0
      vertex -2.94031 -3.8567 0
      vertex -2.85765 -3.62571 0
    endloop
  endfacet
  facet normal 0 0 -1
    outer loop
      vertex 3.04521 -4.07848 0
      vertex -3.04521 -4.07848 0
      vertex -2.94031 -3.8567 0
    endloop
  endfacet
  facet normal 0 0 -1
    outer loop
      vertex 3.17134 -4.28892 0
      vertex -3.17134 -4.28892 0
      vertex -3.04521 -4.07848 0
    endloop
  endfacet
  facet normal 0 0 -1
    outer loop
      vertex 3.31747 -4.48597 0
      vertex -3.31747 -4.48597 0
      vertex -3.17134 -4.28892 0
    endloop
  endfacet
  facet normal 0 0 -1
    outer loop
      vertex 3.48224 -4.66776 0
      vertex -3.48224 -4.66776 0
      vertex -3.31747 -4.48597 0
    endloop
  endfacet
  facet normal 0 0 -1
    outer loop
      vertex 3.66403 -4.83253 0
      vertex -3.66403 -4.83253 0
      vertex -3.48224 -4.66776 0
    endloop
  endfacet
  facet normal 0 0 -1
    outer loop
      vertex 3.86108 -4.97866 0
      vertex -3.86108 -4.97866 0
      vertex -3.66403 -4.83253 0
    endloop
  endfacet
  facet normal 0 0 -1
    outer loop
      vertex 4.07152 -5.10479 0
      vertex -4.07152 -5.10479 0
      vertex -3.86108 -4.97866 0
    endloop
  endfacet
  facet normal 0 0 -1
    outer loop
      vertex 4.2933 -5.20969 0
      vertex -4.2933 -5.20969 0
      vertex -4.07152 -5.10479 0
    endloop
  endfacet
  facet normal -0 0 -1
    outer loop
      vertex 4.2933 -5.20969 0
      vertex -4.52429 -5.29235 0
      vertex -4.2933 -5.20969 0
    endloop
  endfacet
  facet normal 0 0 -1
    outer loop
      vertex 4.52429 -5.29235 0
      vertex -4.52429 -5.29235 0
      vertex 4.2933 -5.20969 0
    endloop
  endfacet
  facet normal 0 0 -1
    outer loop
      vertex -19 -12 0
      vertex -4.76228 -5.35195 0
      vertex 19 -12 0
    endloop
  endfacet
  facet normal 0 0 -1
    outer loop
      vertex -4.76228 -5.35195 0
      vertex -19 -12 0
      vertex -5.00496 -5.38796 0
    endloop
  endfacet
  facet normal 0 0 -1
    outer loop
      vertex -5.00496 -5.38796 0
      vertex -19 -12 0
      vertex -5.25 -5.4 0
    endloop
  endfacet
  facet normal -0 0 -1
    outer loop
      vertex -5.25 -5.4 0
      vertex -19 -12 0
      vertex -5.49504 -5.38796 0
    endloop
  endfacet
  facet normal -0 0 -1
    outer loop
      vertex -5.49504 -5.38796 0
      vertex -19 -12 0
      vertex -5.73772 -5.35195 0
    endloop
  endfacet
  facet normal 0 0 -1
    outer loop
      vertex -13.7063 0.127421 0
      vertex -7.75 -2.9 0
      vertex -13.7 0 0
    endloop
  endfacet
  facet normal 0 0 -1
    outer loop
      vertex -13.9951 -0.824711 0
      vertex -7.75 -2.9 0
      vertex -7.73796 -3.14504 0
    endloop
  endfacet
  facet normal 0 0 -1
    outer loop
      vertex -14.0808 -0.919238 0
      vertex -7.73796 -3.14504 0
      vertex -7.70195 -3.38772 0
    endloop
  endfacet
  facet normal 0 0 -1
    outer loop
      vertex -14.2778 -1.08091 0
      vertex -7.70195 -3.38772 0
      vertex -7.64235 -3.62571 0
    endloop
  endfacet
  facet normal 0 0 -1
    outer loop
      vertex -14.3872 -1.1465 0
      vertex -7.64235 -3.62571 0
      vertex -7.55969 -3.8567 0
    endloop
  endfacet
  facet normal 0 0 -1
    outer loop
      vertex -14.5025 -1.20104 0
      vertex -7.55969 -3.8567 0
      vertex -7.45479 -4.07848 0
    endloop
  endfacet
  facet normal 0 0 -1
    outer loop
      vertex -14.6226 -1.24402 0
      vertex -7.45479 -4.07848 0
      vertex -7.32866 -4.28892 0
    endloop
  endfacet
  facet normal 0 0 -1
    outer loop
      vertex -19 -12 0
      vertex -7.32866 -4.28892 0
      vertex -7.18253 -4.48597 0
    endloop
  endfacet
  facet normal 0 0 -1
    outer loop
      vertex -19 -12 0
      vertex -7.18253 -4.48597 0
      vertex -7.01776 -4.66776 0
    endloop
  endfacet
  facet normal 0 0 -1
    outer loop
      vertex -19 -12 0
      vertex -7.01776 -4.66776 0
      vertex -6.83597 -4.83253 0
    endloop
  endfacet
  facet normal 0 0 -1
    outer loop
      vertex -19 -12 0
      vertex -6.83597 -4.83253 0
      vertex -6.63892 -4.97866 0
    endloop
  endfacet
  facet normal 0 0 -1
    outer loop
      vertex -7.75 -2.9 0
      vertex -13.7063 -0.127421 0
      vertex -13.7 0 0
    endloop
  endfacet
  facet normal 0 0 -1
    outer loop
      vertex -7.75 -2.9 0
      vertex -13.725 -0.253617 0
      vertex -13.7063 -0.127421 0
    endloop
  endfacet
  facet normal 0 0 -1
    outer loop
      vertex -7.75 -2.9 0
      vertex -13.756 -0.37737 0
      vertex -13.725 -0.253617 0
    endloop
  endfacet
  facet normal 0 0 -1
    outer loop
      vertex -7.75 -2.9 0
      vertex -13.799 -0.497488 0
      vertex -13.756 -0.37737 0
    endloop
  endfacet
  facet normal 0 0 -1
    outer loop
      vertex -7.75 -2.9 0
      vertex -13.8535 -0.612815 0
      vertex -13.799 -0.497488 0
    endloop
  endfacet
  facet normal 0 0 -1
    outer loop
      vertex -7.75 -2.9 0
      vertex -13.9191 -0.72224 0
      vertex -13.8535 -0.612815 0
    endloop
  endfacet
  facet normal 0 0 -1
    outer loop
      vertex -19 -12 0
      vertex -6.63892 -4.97866 0
      vertex -6.42848 -5.10479 0
    endloop
  endfacet
  facet normal 0 0 -1
    outer loop
      vertex -7.75 -2.9 0
      vertex -13.9951 -0.824711 0
      vertex -13.9191 -0.72224 0
    endloop
  endfacet
  facet normal 0 0 -1
    outer loop
      vertex -7.73796 -3.14504 0
      vertex -14.0808 -0.919238 0
      vertex -13.9951 -0.824711 0
    endloop
  endfacet
  facet normal 0 0 -1
    outer loop
      vertex -7.70195 -3.38772 0
      vertex -14.1753 -1.00491 0
      vertex -14.0808 -0.919238 0
    endloop
  endfacet
  facet normal 0 0 -1
    outer loop
      vertex -7.70195 -3.38772 0
      vertex -14.2778 -1.08091 0
      vertex -14.1753 -1.00491 0
    endloop
  endfacet
  facet normal 0 0 -1
    outer loop
      vertex -7.64235 -3.62571 0
      vertex -14.3872 -1.1465 0
      vertex -14.2778 -1.08091 0
    endloop
  endfacet
  facet normal 0 0 -1
    outer loop
      vertex -7.55969 -3.8567 0
      vertex -14.5025 -1.20104 0
      vertex -14.3872 -1.1465 0
    endloop
  endfacet
  facet normal 0 0 -1
    outer loop
      vertex -7.45479 -4.07848 0
      vertex -14.6226 -1.24402 0
      vertex -14.5025 -1.20104 0
    endloop
  endfacet
  facet normal 0 0 -1
    outer loop
      vertex -19 -12 0
      vertex -6.42848 -5.10479 0
      vertex -6.2067 -5.20969 0
    endloop
  endfacet
  facet normal -0 0 -1
    outer loop
      vertex -7.32866 -4.28892 0
      vertex -19 -12 0
      vertex -14.7464 -1.27502 0
    endloop
  endfacet
  facet normal 0 0 -1
    outer loop
      vertex -7.32866 -4.28892 0
      vertex -14.7464 -1.27502 0
      vertex -14.6226 -1.24402 0
    endloop
  endfacet
  facet normal 0 0 -1
    outer loop
      vertex -14.7464 -1.27502 0
      vertex -19 -12 0
      vertex -14.8726 -1.29374 0
    endloop
  endfacet
  facet normal 0 0 -1
    outer loop
      vertex -14.8726 -1.29374 0
      vertex -19 -12 0
      vertex -15 -1.3 0
    endloop
  endfacet
  facet normal -0 0 -1
    outer loop
      vertex -15 -1.3 0
      vertex -19 -12 0
      vertex -15.1274 -1.29374 0
    endloop
  endfacet
  facet normal -0 0 -1
    outer loop
      vertex -15.1274 -1.29374 0
      vertex -19 -12 0
      vertex -15.2536 -1.27502 0
    endloop
  endfacet
  facet normal 0 0 -1
    outer loop
      vertex -21 -10 0
      vertex -15.2536 -1.27502 0
      vertex -19 -12 0
    endloop
  endfacet
  facet normal -0 0 -1
    outer loop
      vertex -16.275 -0.253617 0
      vertex -21 -10 0
      vertex -16.2937 -0.127421 0
    endloop
  endfacet
  facet normal -0 0 -1
    outer loop
      vertex -16.244 -0.37737 0
      vertex -21 -10 0
      vertex -16.275 -0.253617 0
    endloop
  endfacet
  facet normal -0 0 -1
    outer loop
      vertex -16.201 -0.497488 0
      vertex -21 -10 0
      vertex -16.244 -0.37737 0
    endloop
  endfacet
  facet normal -0 0 -1
    outer loop
      vertex -16.1465 -0.612815 0
      vertex -21 -10 0
      vertex -16.201 -0.497488 0
    endloop
  endfacet
  facet normal -0 0 -1
    outer loop
      vertex -16.0809 -0.72224 0
      vertex -21 -10 0
      vertex -16.1465 -0.612815 0
    endloop
  endfacet
  facet normal -0 0 -1
    outer loop
      vertex -16.0049 -0.824711 0
      vertex -21 -10 0
      vertex -16.0809 -0.72224 0
    endloop
  endfacet
  facet normal -0 0 -1
    outer loop
      vertex -15.9192 -0.919238 0
      vertex -21 -10 0
      vertex -16.0049 -0.824711 0
    endloop
  endfacet
  facet normal -0 0 -1
    outer loop
      vertex -15.8247 -1.00491 0
      vertex -21 -10 0
      vertex -15.9192 -0.919238 0
    endloop
  endfacet
  facet normal -0 0 -1
    outer loop
      vertex -15.7222 -1.08091 0
      vertex -21 -10 0
      vertex -15.8247 -1.00491 0
    endloop
  endfacet
  facet normal -0 0 -1
    outer loop
      vertex -15.6128 -1.1465 0
      vertex -21 -10 0
      vertex -15.7222 -1.08091 0
    endloop
  endfacet
  facet normal -0 0 -1
    outer loop
      vertex -15.4975 -1.20104 0
      vertex -21 -10 0
      vertex -15.6128 -1.1465 0
    endloop
  endfacet
  facet normal -0 0 -1
    outer loop
      vertex -15.3774 -1.24402 0
      vertex -21 -10 0
      vertex -15.4975 -1.20104 0
    endloop
  endfacet
  facet normal -0 0 -1
    outer loop
      vertex -15.2536 -1.27502 0
      vertex -21 -10 0
      vertex -15.3774 -1.24402 0
    endloop
  endfacet
  facet normal -0 0 -1
    outer loop
      vertex -5.97571 -5.29235 0
      vertex -19 -12 0
      vertex -6.2067 -5.20969 0
    endloop
  endfacet
  facet normal -0 0 -1
    outer loop
      vertex -5.73772 -5.35195 0
      vertex -19 -12 0
      vertex -5.97571 -5.29235 0
    endloop
  endfacet
  facet normal 0 0 -1
    outer loop
      vertex 20.9904 10.196 0
      vertex 19 12 0
      vertex 20.9616 10.3902 0
    endloop
  endfacet
  facet normal 0 0 -1
    outer loop
      vertex 20.9139 10.5806 0
      vertex 19 12 0
      vertex 20.8477 10.7654 0
    endloop
  endfacet
  facet normal 0 0 -1
    outer loop
      vertex 20.8477 10.7654 0
      vertex 19 12 0
      vertex 20.7638 10.9428 0
    endloop
  endfacet
  facet normal 0 0 -1
    outer loop
      vertex 20.6629 11.1111 0
      vertex 19 12 0
      vertex 20.546 11.2688 0
    endloop
  endfacet
  facet normal 0 0 -1
    outer loop
      vertex 20.546 11.2688 0
      vertex 19 12 0
      vertex 20.4142 11.4142 0
    endloop
  endfacet
  facet normal 0 0 -1
    outer loop
      vertex 20.4142 11.4142 0
      vertex 19 12 0
      vertex 20.2688 11.546 0
    endloop
  endfacet
  facet normal 0 0 -1
    outer loop
      vertex 20.1111 11.6629 0
      vertex 19 12 0
      vertex 19.9428 11.7638 0
    endloop
  endfacet
  facet normal 0 0 -1
    outer loop
      vertex 19.9428 11.7638 0
      vertex 19 12 0
      vertex 19.7654 11.8477 0
    endloop
  endfacet
  facet normal 0 0 -1
    outer loop
      vertex 19.7654 11.8477 0
      vertex 19 12 0
      vertex 19.5806 11.9139 0
    endloop
  endfacet
  facet normal 0 0 -1
    outer loop
      vertex 19.3902 11.9616 0
      vertex 19 12 0
      vertex 19.196 11.9904 0
    endloop
  endfacet
  facet normal 0 0 -1
    outer loop
      vertex 19.5806 11.9139 0
      vertex 19 12 0
      vertex 19.3902 11.9616 0
    endloop
  endfacet
  facet normal 0 0 -1
    outer loop
      vertex 20.2688 11.546 0
      vertex 19 12 0
      vertex 20.1111 11.6629 0
    endloop
  endfacet
  facet normal 0 0 -1
    outer loop
      vertex 20.7638 10.9428 0
      vertex 19 12 0
      vertex 20.6629 11.1111 0
    endloop
  endfacet
  facet normal 0 0 -1
    outer loop
      vertex 20.9616 10.3902 0
      vertex 19 12 0
      vertex 20.9139 10.5806 0
    endloop
  endfacet
  facet normal 0 0 -1
    outer loop
      vertex 15.1274 1.29374 0
      vertex 19 12 0
      vertex 15.2536 1.27502 0
    endloop
  endfacet
  facet normal 0 0 -1
    outer loop
      vertex 15 1.3 0
      vertex 19 12 0
      vertex 15.1274 1.29374 0
    endloop
  endfacet
  facet normal 0 0 -1
    outer loop
      vertex 14.8726 1.29374 0
      vertex 19 12 0
      vertex 15 1.3 0
    endloop
  endfacet
  facet normal 0 0 -1
    outer loop
      vertex 7.70195 6.58772 0
      vertex 14.8726 1.29374 0
      vertex 14.7464 1.27502 0
    endloop
  endfacet
  facet normal 0 0 -1
    outer loop
      vertex 7.73796 6.34504 0
      vertex 14.7464 1.27502 0
      vertex 14.6226 1.24402 0
    endloop
  endfacet
  facet normal 0 0 -1
    outer loop
      vertex 7.75 6.1 0
      vertex 14.6226 1.24402 0
      vertex 14.5025 1.20104 0
    endloop
  endfacet
  facet normal 0 0 -1
    outer loop
      vertex 7.75 6.1 0
      vertex 14.5025 1.20104 0
      vertex 14.3872 1.1465 0
    endloop
  endfacet
  facet normal 0 0 -1
    outer loop
      vertex 7.75 6.1 0
      vertex 14.3872 1.1465 0
      vertex 14.2778 1.08091 0
    endloop
  endfacet
  facet normal 0 0 -1
    outer loop
      vertex 7.75 6.1 0
      vertex 14.2778 1.08091 0
      vertex 14.1753 1.00491 0
    endloop
  endfacet
  facet normal 0 0 -1
    outer loop
      vertex 7.75 6.1 0
      vertex 14.1753 1.00491 0
      vertex 14.0808 0.919238 0
    endloop
  endfacet
  facet normal 0 0 -1
    outer loop
      vertex 7.75 6.1 0
      vertex 14.0808 0.919238 0
      vertex 13.9951 0.824711 0
    endloop
  endfacet
  facet normal 0 0 -1
    outer loop
      vertex 7.75 6.1 0
      vertex 13.9951 0.824711 0
      vertex 13.9191 0.72224 0
    endloop
  endfacet
  facet normal 0 0 -1
    outer loop
      vertex 7.75 6.1 0
      vertex 13.9191 0.72224 0
      vertex 13.8535 0.612815 0
    endloop
  endfacet
  facet normal 0 0 -1
    outer loop
      vertex 7.75 6.1 0
      vertex 13.8535 0.612815 0
      vertex 13.799 0.497488 0
    endloop
  endfacet
  facet normal 0 0 -1
    outer loop
      vertex 7.75 -2.9 0
      vertex 13.7063 0.127421 0
      vertex 13.7 0 0
    endloop
  endfacet
  facet normal 0 0 -1
    outer loop
      vertex 7.75 -2.9 0
      vertex 13.725 0.253617 0
      vertex 13.7063 0.127421 0
    endloop
  endfacet
  facet normal 0 0 -1
    outer loop
      vertex 7.75 -2.9 0
      vertex 13.756 0.37737 0
      vertex 13.725 0.253617 0
    endloop
  endfacet
  facet normal 0 0 -1
    outer loop
      vertex 7.75 6.1 0
      vertex 13.756 0.37737 0
      vertex 7.75 -2.9 0
    endloop
  endfacet
  facet normal 0 0 -1
    outer loop
      vertex 13.756 0.37737 0
      vertex 7.75 6.1 0
      vertex 13.799 0.497488 0
    endloop
  endfacet
  facet normal 0 0 -1
    outer loop
      vertex 14.6226 1.24402 0
      vertex 7.75 6.1 0
      vertex 7.73796 6.34504 0
    endloop
  endfacet
  facet normal 0 0 -1
    outer loop
      vertex 14.7464 1.27502 0
      vertex 7.73796 6.34504 0
      vertex 7.70195 6.58772 0
    endloop
  endfacet
  facet normal 0 0 -1
    outer loop
      vertex 14.8726 1.29374 0
      vertex 7.70195 6.58772 0
      vertex 19 12 0
    endloop
  endfacet
  facet normal 0 0 -1
    outer loop
      vertex 7.64235 6.82571 0
      vertex 19 12 0
      vertex 7.70195 6.58772 0
    endloop
  endfacet
  facet normal 0 0 -1
    outer loop
      vertex 7.55969 7.05669 0
      vertex 19 12 0
      vertex 7.64235 6.82571 0
    endloop
  endfacet
  facet normal 0 0 -1
    outer loop
      vertex 7.45479 7.27848 0
      vertex 19 12 0
      vertex 7.55969 7.05669 0
    endloop
  endfacet
  facet normal 0 0 -1
    outer loop
      vertex 7.32866 7.48892 0
      vertex 19 12 0
      vertex 7.45479 7.27848 0
    endloop
  endfacet
  facet normal 0 0 -1
    outer loop
      vertex 7.18253 7.68597 0
      vertex 19 12 0
      vertex 7.32866 7.48892 0
    endloop
  endfacet
  facet normal 0 0 -1
    outer loop
      vertex 7.01776 7.86776 0
      vertex 19 12 0
      vertex 7.18253 7.68597 0
    endloop
  endfacet
  facet normal 0 0 -1
    outer loop
      vertex 6.83597 8.03253 0
      vertex 19 12 0
      vertex 7.01776 7.86776 0
    endloop
  endfacet
  facet normal 0 0 -1
    outer loop
      vertex 6.63892 8.17866 0
      vertex 19 12 0
      vertex 6.83597 8.03253 0
    endloop
  endfacet
  facet normal 0 0 -1
    outer loop
      vertex 6.42848 8.30479 0
      vertex 19 12 0
      vertex 6.63892 8.17866 0
    endloop
  endfacet
  facet normal 0 0 -1
    outer loop
      vertex 6.2067 8.40969 0
      vertex 19 12 0
      vertex 6.42848 8.30479 0
    endloop
  endfacet
  facet normal 0 0 -1
    outer loop
      vertex 5.97571 8.49235 0
      vertex 19 12 0
      vertex 6.2067 8.40969 0
    endloop
  endfacet
  facet normal 0 0 -1
    outer loop
      vertex 5.73772 8.55195 0
      vertex 19 12 0
      vertex 5.97571 8.49235 0
    endloop
  endfacet
  facet normal 0 0 -1
    outer loop
      vertex 5.49504 8.58796 0
      vertex 19 12 0
      vertex 5.73772 8.55195 0
    endloop
  endfacet
  facet normal 0 0 -1
    outer loop
      vertex 5.25 8.6 0
      vertex 19 12 0
      vertex 5.49504 8.58796 0
    endloop
  endfacet
  facet normal 0 0 -1
    outer loop
      vertex 5.00496 8.58796 0
      vertex 19 12 0
      vertex 5.25 8.6 0
    endloop
  endfacet
  facet normal 0 0 -1
    outer loop
      vertex -5.00496 8.58796 0
      vertex 5.00496 8.58796 0
      vertex 4.76228 8.55195 0
    endloop
  endfacet
  facet normal 0 0 -1
    outer loop
      vertex -2.75 6.1 0
      vertex 2.75 6.1 0
      vertex -2.75 -2.9 0
    endloop
  endfacet
  facet normal 0 0 -1
    outer loop
      vertex 2.75 6.1 0
      vertex -2.75 6.1 0
      vertex 2.76204 6.34504 0
    endloop
  endfacet
  facet normal 0 0 -1
    outer loop
      vertex -2.76204 6.34504 0
      vertex 2.76204 6.34504 0
      vertex -2.75 6.1 0
    endloop
  endfacet
  facet normal 0 0 -1
    outer loop
      vertex 2.76204 6.34504 0
      vertex -2.76204 6.34504 0
      vertex 2.79805 6.58772 0
    endloop
  endfacet
  facet normal 0 0 -1
    outer loop
      vertex -2.79805 6.58772 0
      vertex 2.79805 6.58772 0
      vertex -2.76204 6.34504 0
    endloop
  endfacet
  facet normal 0 0 -1
    outer loop
      vertex 2.79805 6.58772 0
      vertex -2.79805 6.58772 0
      vertex 2.85765 6.82571 0
    endloop
  endfacet
  facet normal 0 0 -1
    outer loop
      vertex -2.85765 6.82571 0
      vertex 2.85765 6.82571 0
      vertex -2.79805 6.58772 0
    endloop
  endfacet
  facet normal 0 0 -1
    outer loop
      vertex 2.85765 6.82571 0
      vertex -2.85765 6.82571 0
      vertex 2.94031 7.05669 0
    endloop
  endfacet
  facet normal 0 0 -1
    outer loop
      vertex -2.94031 7.05669 0
      vertex 2.94031 7.05669 0
      vertex -2.85765 6.82571 0
    endloop
  endfacet
  facet normal 0 0 -1
    outer loop
      vertex 2.94031 7.05669 0
      vertex -2.94031 7.05669 0
      vertex 3.04521 7.27848 0
    endloop
  endfacet
  facet normal 0 0 -1
    outer loop
      vertex -3.04521 7.27848 0
      vertex 3.04521 7.27848 0
      vertex -2.94031 7.05669 0
    endloop
  endfacet
  facet normal 0 0 -1
    outer loop
      vertex 3.04521 7.27848 0
      vertex -3.04521 7.27848 0
      vertex 3.17134 7.48892 0
    endloop
  endfacet
  facet normal 0 0 -1
    outer loop
      vertex -3.17134 7.48892 0
      vertex 3.17134 7.48892 0
      vertex -3.04521 7.27848 0
    endloop
  endfacet
  facet normal 0 0 -1
    outer loop
      vertex 3.17134 7.48892 0
      vertex -3.17134 7.48892 0
      vertex 3.31747 7.68597 0
    endloop
  endfacet
  facet normal 0 0 -1
    outer loop
      vertex -3.31747 7.68597 0
      vertex 3.31747 7.68597 0
      vertex -3.17134 7.48892 0
    endloop
  endfacet
  facet normal 0 0 -1
    outer loop
      vertex 3.31747 7.68597 0
      vertex -3.31747 7.68597 0
      vertex 3.48224 7.86776 0
    endloop
  endfacet
  facet normal 0 0 -1
    outer loop
      vertex -3.48224 7.86776 0
      vertex 3.48224 7.86776 0
      vertex -3.31747 7.68597 0
    endloop
  endfacet
  facet normal 0 0 -1
    outer loop
      vertex 3.48224 7.86776 0
      vertex -3.48224 7.86776 0
      vertex 3.66403 8.03253 0
    endloop
  endfacet
  facet normal 0 0 -1
    outer loop
      vertex -3.66403 8.03253 0
      vertex 3.66403 8.03253 0
      vertex -3.48224 7.86776 0
    endloop
  endfacet
  facet normal 0 0 -1
    outer loop
      vertex 3.66403 8.03253 0
      vertex -3.66403 8.03253 0
      vertex 3.86108 8.17866 0
    endloop
  endfacet
  facet normal 0 0 -1
    outer loop
      vertex -3.86108 8.17866 0
      vertex 3.86108 8.17866 0
      vertex -3.66403 8.03253 0
    endloop
  endfacet
  facet normal 0 0 -1
    outer loop
      vertex 3.86108 8.17866 0
      vertex -3.86108 8.17866 0
      vertex 4.07152 8.30479 0
    endloop
  endfacet
  facet normal 0 0 -1
    outer loop
      vertex -4.07152 8.30479 0
      vertex 4.07152 8.30479 0
      vertex -3.86108 8.17866 0
    endloop
  endfacet
  facet normal 0 0 -1
    outer loop
      vertex 4.07152 8.30479 0
      vertex -4.07152 8.30479 0
      vertex 4.2933 8.40969 0
    endloop
  endfacet
  facet normal 0 0 -1
    outer loop
      vertex -4.2933 8.40969 0
      vertex 4.2933 8.40969 0
      vertex -4.07152 8.30479 0
    endloop
  endfacet
  facet normal 0 0 -1
    outer loop
      vertex 4.2933 8.40969 0
      vertex -4.2933 8.40969 0
      vertex 4.52429 8.49235 0
    endloop
  endfacet
  facet normal 0 0 -1
    outer loop
      vertex -4.52429 8.49235 0
      vertex 4.52429 8.49235 0
      vertex -4.2933 8.40969 0
    endloop
  endfacet
  facet normal 0 0 -1
    outer loop
      vertex 4.52429 8.49235 0
      vertex -4.52429 8.49235 0
      vertex 4.76228 8.55195 0
    endloop
  endfacet
  facet normal 0 0 -1
    outer loop
      vertex -4.76228 8.55195 0
      vertex 4.76228 8.55195 0
      vertex -4.52429 8.49235 0
    endloop
  endfacet
  facet normal 0 0 -1
    outer loop
      vertex -5.00496 8.58796 0
      vertex 4.76228 8.55195 0
      vertex -4.76228 8.55195 0
    endloop
  endfacet
  facet normal 0 0 -1
    outer loop
      vertex 5.00496 8.58796 0
      vertex -5.00496 8.58796 0
      vertex 19 12 0
    endloop
  endfacet
  facet normal 0 0 -1
    outer loop
      vertex -19 12 0
      vertex -5.00496 8.58796 0
      vertex -5.25 8.6 0
    endloop
  endfacet
  facet normal 0 0 -1
    outer loop
      vertex -19 12 0
      vertex -5.25 8.6 0
      vertex -5.49504 8.58796 0
    endloop
  endfacet
  facet normal 0 0 -1
    outer loop
      vertex -13.725 0.253617 0
      vertex -7.75 -2.9 0
      vertex -13.7063 0.127421 0
    endloop
  endfacet
  facet normal 0 0 -1
    outer loop
      vertex -13.756 0.37737 0
      vertex -7.75 -2.9 0
      vertex -13.725 0.253617 0
    endloop
  endfacet
  facet normal 0 0 -1
    outer loop
      vertex -7.75 -2.9 0
      vertex -13.756 0.37737 0
      vertex -7.75 6.1 0
    endloop
  endfacet
  facet normal 0 0 -1
    outer loop
      vertex -13.799 0.497488 0
      vertex -7.75 6.1 0
      vertex -13.756 0.37737 0
    endloop
  endfacet
  facet normal 0 0 -1
    outer loop
      vertex -13.8535 0.612815 0
      vertex -7.75 6.1 0
      vertex -13.799 0.497488 0
    endloop
  endfacet
  facet normal 0 0 -1
    outer loop
      vertex -13.9191 0.72224 0
      vertex -7.75 6.1 0
      vertex -13.8535 0.612815 0
    endloop
  endfacet
  facet normal 0 0 -1
    outer loop
      vertex -13.9951 0.824711 0
      vertex -7.75 6.1 0
      vertex -13.9191 0.72224 0
    endloop
  endfacet
  facet normal 0 0 -1
    outer loop
      vertex -14.0808 0.919238 0
      vertex -7.75 6.1 0
      vertex -13.9951 0.824711 0
    endloop
  endfacet
  facet normal 0 0 -1
    outer loop
      vertex -14.1753 1.00491 0
      vertex -7.75 6.1 0
      vertex -14.0808 0.919238 0
    endloop
  endfacet
  facet normal 0 0 -1
    outer loop
      vertex -14.2778 1.08091 0
      vertex -7.75 6.1 0
      vertex -14.1753 1.00491 0
    endloop
  endfacet
  facet normal 0 0 -1
    outer loop
      vertex -14.3872 1.1465 0
      vertex -7.75 6.1 0
      vertex -14.2778 1.08091 0
    endloop
  endfacet
  facet normal 0 0 -1
    outer loop
      vertex -14.5025 1.20104 0
      vertex -7.75 6.1 0
      vertex -14.3872 1.1465 0
    endloop
  endfacet
  facet normal 0 0 -1
    outer loop
      vertex -14.6226 1.24402 0
      vertex -7.75 6.1 0
      vertex -14.5025 1.20104 0
    endloop
  endfacet
  facet normal -0 0 -1
    outer loop
      vertex -7.75 6.1 0
      vertex -14.6226 1.24402 0
      vertex -7.73796 6.34504 0
    endloop
  endfacet
  facet normal 0 0 -1
    outer loop
      vertex -14.7464 1.27502 0
      vertex -7.73796 6.34504 0
      vertex -14.6226 1.24402 0
    endloop
  endfacet
  facet normal -0 0 -1
    outer loop
      vertex -7.73796 6.34504 0
      vertex -14.7464 1.27502 0
      vertex -7.70195 6.58772 0
    endloop
  endfacet
  facet normal 0 0 -1
    outer loop
      vertex -14.8726 1.29374 0
      vertex -7.70195 6.58772 0
      vertex -14.7464 1.27502 0
    endloop
  endfacet
  facet normal 0 0 -1
    outer loop
      vertex -19 12 0
      vertex -7.70195 6.58772 0
      vertex -14.8726 1.29374 0
    endloop
  endfacet
  facet normal 0 0 -1
    outer loop
      vertex -7.70195 6.58772 0
      vertex -19 12 0
      vertex -7.64235 6.82571 0
    endloop
  endfacet
  facet normal 0 0 -1
    outer loop
      vertex -7.64235 6.82571 0
      vertex -19 12 0
      vertex -7.55969 7.05669 0
    endloop
  endfacet
  facet normal 0 0 -1
    outer loop
      vertex -7.55969 7.05669 0
      vertex -19 12 0
      vertex -7.45479 7.27848 0
    endloop
  endfacet
  facet normal 0 0 -1
    outer loop
      vertex -7.32866 7.48892 0
      vertex -19 12 0
      vertex -7.18253 7.68597 0
    endloop
  endfacet
  facet normal 0 0 -1
    outer loop
      vertex -7.18253 7.68597 0
      vertex -19 12 0
      vertex -7.01776 7.86776 0
    endloop
  endfacet
  facet normal 0 0 -1
    outer loop
      vertex -7.45479 7.27848 0
      vertex -19 12 0
      vertex -7.32866 7.48892 0
    endloop
  endfacet
  facet normal 0 0 -1
    outer loop
      vertex -19 12 0
      vertex -14.8726 1.29374 0
      vertex -15 1.3 0
    endloop
  endfacet
  facet normal 0 0 -1
    outer loop
      vertex -19 12 0
      vertex -15 1.3 0
      vertex -15.1274 1.29374 0
    endloop
  endfacet
  facet normal 0 0 -1
    outer loop
      vertex -19 12 0
      vertex -15.1274 1.29374 0
      vertex -15.2536 1.27502 0
    endloop
  endfacet
  facet normal 0 0 -1
    outer loop
      vertex -21 10 0
      vertex -15.2536 1.27502 0
      vertex -15.3774 1.24402 0
    endloop
  endfacet
  facet normal 0 0 -1
    outer loop
      vertex -21 10 0
      vertex -15.3774 1.24402 0
      vertex -15.4975 1.20104 0
    endloop
  endfacet
  facet normal 0 0 -1
    outer loop
      vertex -21 10 0
      vertex -15.4975 1.20104 0
      vertex -15.6128 1.1465 0
    endloop
  endfacet
  facet normal 0 0 -1
    outer loop
      vertex -21 10 0
      vertex -15.6128 1.1465 0
      vertex -15.7222 1.08091 0
    endloop
  endfacet
  facet normal 0 0 -1
    outer loop
      vertex -21 10 0
      vertex -15.7222 1.08091 0
      vertex -15.8247 1.00491 0
    endloop
  endfacet
  facet normal -0 0 -1
    outer loop
      vertex -16.2937 -0.127421 0
      vertex -21 -10 0
      vertex -16.3 0 0
    endloop
  endfacet
  facet normal 0 0 -1
    outer loop
      vertex -21 10 0
      vertex -16.3 0 0
      vertex -21 -10 0
    endloop
  endfacet
  facet normal 0 0 -1
    outer loop
      vertex -5.00496 8.58796 0
      vertex -19 12 0
      vertex 19 12 0
    endloop
  endfacet
  facet normal 0 0 -1
    outer loop
      vertex -5.73772 8.55195 0
      vertex -19 12 0
      vertex -5.49504 8.58796 0
    endloop
  endfacet
  facet normal 0 0 -1
    outer loop
      vertex -5.97571 8.49235 0
      vertex -19 12 0
      vertex -5.73772 8.55195 0
    endloop
  endfacet
  facet normal 0 0 -1
    outer loop
      vertex -6.2067 8.40969 0
      vertex -19 12 0
      vertex -5.97571 8.49235 0
    endloop
  endfacet
  facet normal 0 0 -1
    outer loop
      vertex -6.42848 8.30479 0
      vertex -19 12 0
      vertex -6.2067 8.40969 0
    endloop
  endfacet
  facet normal 0 0 -1
    outer loop
      vertex -6.63892 8.17866 0
      vertex -19 12 0
      vertex -6.42848 8.30479 0
    endloop
  endfacet
  facet normal 0 0 -1
    outer loop
      vertex -6.83597 8.03253 0
      vertex -19 12 0
      vertex -6.63892 8.17866 0
    endloop
  endfacet
  facet normal 0 0 -1
    outer loop
      vertex -7.01776 7.86776 0
      vertex -19 12 0
      vertex -6.83597 8.03253 0
    endloop
  endfacet
  facet normal 0 0 -1
    outer loop
      vertex -21 10 0
      vertex -15.8247 1.00491 0
      vertex -15.9192 0.919238 0
    endloop
  endfacet
  facet normal 0 0 -1
    outer loop
      vertex -21 10 0
      vertex -15.9192 0.919238 0
      vertex -16.0049 0.824711 0
    endloop
  endfacet
  facet normal 0 0 -1
    outer loop
      vertex -21 10 0
      vertex -16.0049 0.824711 0
      vertex -16.0809 0.72224 0
    endloop
  endfacet
  facet normal 0 0 -1
    outer loop
      vertex -21 10 0
      vertex -16.0809 0.72224 0
      vertex -16.1465 0.612815 0
    endloop
  endfacet
  facet normal 0 0 -1
    outer loop
      vertex -21 10 0
      vertex -16.1465 0.612815 0
      vertex -16.201 0.497488 0
    endloop
  endfacet
  facet normal 0 0 -1
    outer loop
      vertex -21 10 0
      vertex -16.201 0.497488 0
      vertex -16.244 0.37737 0
    endloop
  endfacet
  facet normal 0 0 -1
    outer loop
      vertex -21 10 0
      vertex -16.244 0.37737 0
      vertex -16.275 0.253617 0
    endloop
  endfacet
  facet normal 0 0 -1
    outer loop
      vertex -16.3 0 0
      vertex -21 10 0
      vertex -16.2937 0.127421 0
    endloop
  endfacet
  facet normal 0 0 -1
    outer loop
      vertex -21 -10 0
      vertex -19 -12 0
      vertex -19.196 -11.9904 0
    endloop
  endfacet
  facet normal 0 0 -1
    outer loop
      vertex -16.2937 0.127421 0
      vertex -21 10 0
      vertex -16.275 0.253617 0
    endloop
  endfacet
  facet normal 0 0 -1
    outer loop
      vertex -21 -10 0
      vertex -19.196 -11.9904 0
      vertex -19.3902 -11.9616 0
    endloop
  endfacet
  facet normal 0 0 -1
    outer loop
      vertex -15.2536 1.27502 0
      vertex -21 10 0
      vertex -19 12 0
    endloop
  endfacet
  facet normal 0 0 -1
    outer loop
      vertex -21 -10 0
      vertex -19.3902 -11.9616 0
      vertex -19.5806 -11.9139 0
    endloop
  endfacet
  facet normal 0 0 -1
    outer loop
      vertex -19 12 0
      vertex -21 10 0
      vertex -19.196 11.9904 0
    endloop
  endfacet
  facet normal 0 0 -1
    outer loop
      vertex -21 -10 0
      vertex -19.5806 -11.9139 0
      vertex -19.7654 -11.8477 0
    endloop
  endfacet
  facet normal 0 0 -1
    outer loop
      vertex -19.196 11.9904 0
      vertex -21 10 0
      vertex -19.3902 11.9616 0
    endloop
  endfacet
  facet normal 0 0 -1
    outer loop
      vertex -21 -10 0
      vertex -19.7654 -11.8477 0
      vertex -19.9428 -11.7638 0
    endloop
  endfacet
  facet normal 0 0 -1
    outer loop
      vertex -19.3902 11.9616 0
      vertex -21 10 0
      vertex -19.5806 11.9139 0
    endloop
  endfacet
  facet normal 0 0 -1
    outer loop
      vertex -21 -10 0
      vertex -19.9428 -11.7638 0
      vertex -20.1111 -11.6629 0
    endloop
  endfacet
  facet normal 0 0 -1
    outer loop
      vertex -19.5806 11.9139 0
      vertex -21 10 0
      vertex -19.7654 11.8477 0
    endloop
  endfacet
  facet normal 0 0 -1
    outer loop
      vertex -21 -10 0
      vertex -20.1111 -11.6629 0
      vertex -20.2688 -11.546 0
    endloop
  endfacet
  facet normal 0 0 -1
    outer loop
      vertex -19.7654 11.8477 0
      vertex -21 10 0
      vertex -19.9428 11.7638 0
    endloop
  endfacet
  facet normal 0 0 -1
    outer loop
      vertex -21 -10 0
      vertex -20.2688 -11.546 0
      vertex -20.4142 -11.4142 0
    endloop
  endfacet
  facet normal 0 0 -1
    outer loop
      vertex -19.9428 11.7638 0
      vertex -21 10 0
      vertex -20.1111 11.6629 0
    endloop
  endfacet
  facet normal 0 0 -1
    outer loop
      vertex -21 -10 0
      vertex -20.4142 -11.4142 0
      vertex -20.546 -11.2688 0
    endloop
  endfacet
  facet normal 0 0 -1
    outer loop
      vertex -20.1111 11.6629 0
      vertex -21 10 0
      vertex -20.2688 11.546 0
    endloop
  endfacet
  facet normal 0 0 -1
    outer loop
      vertex -21 -10 0
      vertex -20.546 -11.2688 0
      vertex -20.6629 -11.1111 0
    endloop
  endfacet
  facet normal 0 0 -1
    outer loop
      vertex -20.2688 11.546 0
      vertex -21 10 0
      vertex -20.4142 11.4142 0
    endloop
  endfacet
  facet normal 0 0 -1
    outer loop
      vertex -21 -10 0
      vertex -20.6629 -11.1111 0
      vertex -20.7638 -10.9428 0
    endloop
  endfacet
  facet normal 0 0 -1
    outer loop
      vertex -20.4142 11.4142 0
      vertex -21 10 0
      vertex -20.546 11.2688 0
    endloop
  endfacet
  facet normal 0 0 -1
    outer loop
      vertex -21 -10 0
      vertex -20.7638 -10.9428 0
      vertex -20.8477 -10.7654 0
    endloop
  endfacet
  facet normal 0 0 -1
    outer loop
      vertex -20.546 11.2688 0
      vertex -21 10 0
      vertex -20.6629 11.1111 0
    endloop
  endfacet
  facet normal 0 0 -1
    outer loop
      vertex -21 -10 0
      vertex -20.8477 -10.7654 0
      vertex -20.9139 -10.5806 0
    endloop
  endfacet
  facet normal 0 0 -1
    outer loop
      vertex -20.6629 11.1111 0
      vertex -21 10 0
      vertex -20.7638 10.9428 0
    endloop
  endfacet
  facet normal 0 0 -1
    outer loop
      vertex -21 -10 0
      vertex -20.9139 -10.5806 0
      vertex -20.9616 -10.3902 0
    endloop
  endfacet
  facet normal 0 0 -1
    outer loop
      vertex -20.7638 10.9428 0
      vertex -21 10 0
      vertex -20.8477 10.7654 0
    endloop
  endfacet
  facet normal 0 0 -1
    outer loop
      vertex -21 -10 0
      vertex -20.9616 -10.3902 0
      vertex -20.9904 -10.196 0
    endloop
  endfacet
  facet normal 0 0 -1
    outer loop
      vertex -20.8477 10.7654 0
      vertex -21 10 0
      vertex -20.9139 10.5806 0
    endloop
  endfacet
  facet normal 0 0 -1
    outer loop
      vertex -20.9139 10.5806 0
      vertex -21 10 0
      vertex -20.9616 10.3902 0
    endloop
  endfacet
  facet normal 0 0 -1
    outer loop
      vertex -20.9616 10.3902 0
      vertex -21 10 0
      vertex -20.9904 10.196 0
    endloop
  endfacet
  facet normal -0.998803 -0.0489209 0
    outer loop
      vertex -20.9904 -10.196 0
      vertex -21 -10 3
      vertex -21 -10 0
    endloop
  endfacet
  facet normal -0.998803 -0.0489209 0
    outer loop
      vertex -21 -10 3
      vertex -20.9904 -10.196 0
      vertex -20.9904 -10.196 3
    endloop
  endfacet
  facet normal -0.998803 0.0489209 0
    outer loop
      vertex -21 10 0
      vertex -20.9904 10.196 3
      vertex -20.9904 10.196 0
    endloop
  endfacet
  facet normal -0.998803 0.0489209 0
    outer loop
      vertex -20.9904 10.196 3
      vertex -21 10 0
      vertex -21 10 3
    endloop
  endfacet
  facet normal 1 -0 0
    outer loop
      vertex 21 -10 3
      vertex 21 10 0
      vertex 21 10 3
    endloop
  endfacet
  facet normal 1 0 0
    outer loop
      vertex 21 10 0
      vertex 21 -10 3
      vertex 21 -10 0
    endloop
  endfacet
  facet normal 0.857673 0.514196 0
    outer loop
      vertex 20.7638 10.9428 3
      vertex 20.6629 11.1111 0
      vertex 20.6629 11.1111 3
    endloop
  endfacet
  facet normal 0.857673 0.514196 0
    outer loop
      vertex 20.6629 11.1111 0
      vertex 20.7638 10.9428 3
      vertex 20.7638 10.9428 0
    endloop
  endfacet
  facet normal 0 0 1
    outer loop
      vertex 19 12 3
      vertex 21 10 3
      vertex 20.9904 10.196 3
    endloop
  endfacet
  facet normal 0 0 1
    outer loop
      vertex 21 10 3
      vertex 16.3 0 3
      vertex 21 -10 3
    endloop
  endfacet
  facet normal 0 0 1
    outer loop
      vertex 19 12 3
      vertex 20.9904 10.196 3
      vertex 20.9616 10.3902 3
    endloop
  endfacet
  facet normal -0 0 1
    outer loop
      vertex 16.2937 -0.127421 3
      vertex 21 -10 3
      vertex 16.3 0 3
    endloop
  endfacet
  facet normal 0 0 1
    outer loop
      vertex 19 12 3
      vertex 20.9616 10.3902 3
      vertex 20.9139 10.5806 3
    endloop
  endfacet
  facet normal -0 0 1
    outer loop
      vertex 16.275 -0.253617 3
      vertex 21 -10 3
      vertex 16.2937 -0.127421 3
    endloop
  endfacet
  facet normal 0 0 1
    outer loop
      vertex 19 12 3
      vertex 20.9139 10.5806 3
      vertex 20.8477 10.7654 3
    endloop
  endfacet
  facet normal -0 0 1
    outer loop
      vertex 16.244 -0.37737 3
      vertex 21 -10 3
      vertex 16.275 -0.253617 3
    endloop
  endfacet
  facet normal 0 0 1
    outer loop
      vertex 19 12 3
      vertex 20.8477 10.7654 3
      vertex 20.7638 10.9428 3
    endloop
  endfacet
  facet normal -0 0 1
    outer loop
      vertex 16.201 -0.497488 3
      vertex 21 -10 3
      vertex 16.244 -0.37737 3
    endloop
  endfacet
  facet normal 0 0 1
    outer loop
      vertex 19 12 3
      vertex 20.7638 10.9428 3
      vertex 20.6629 11.1111 3
    endloop
  endfacet
  facet normal -0 0 1
    outer loop
      vertex 16.1465 -0.612815 3
      vertex 21 -10 3
      vertex 16.201 -0.497488 3
    endloop
  endfacet
  facet normal 0 0 1
    outer loop
      vertex 19 12 3
      vertex 20.6629 11.1111 3
      vertex 20.546 11.2688 3
    endloop
  endfacet
  facet normal -0 0 1
    outer loop
      vertex 16.0809 -0.72224 3
      vertex 21 -10 3
      vertex 16.1465 -0.612815 3
    endloop
  endfacet
  facet normal 0 0 1
    outer loop
      vertex 19 12 3
      vertex 20.546 11.2688 3
      vertex 20.4142 11.4142 3
    endloop
  endfacet
  facet normal -0 0 1
    outer loop
      vertex 16.0049 -0.824711 3
      vertex 21 -10 3
      vertex 16.0809 -0.72224 3
    endloop
  endfacet
  facet normal 0 0 1
    outer loop
      vertex 19 12 3
      vertex 20.4142 11.4142 3
      vertex 20.2688 11.546 3
    endloop
  endfacet
  facet normal -0 0 1
    outer loop
      vertex 15.9192 -0.919238 3
      vertex 21 -10 3
      vertex 16.0049 -0.824711 3
    endloop
  endfacet
  facet normal 0 0 1
    outer loop
      vertex 19 12 3
      vertex 20.2688 11.546 3
      vertex 20.1111 11.6629 3
    endloop
  endfacet
  facet normal -0 0 1
    outer loop
      vertex 15.8247 -1.00491 3
      vertex 21 -10 3
      vertex 15.9192 -0.919238 3
    endloop
  endfacet
  facet normal 0 0 1
    outer loop
      vertex 19 12 3
      vertex 20.1111 11.6629 3
      vertex 19.9428 11.7638 3
    endloop
  endfacet
  facet normal -0 0 1
    outer loop
      vertex 15.7222 -1.08091 3
      vertex 21 -10 3
      vertex 15.8247 -1.00491 3
    endloop
  endfacet
  facet normal 0 0 1
    outer loop
      vertex 19 12 3
      vertex 19.9428 11.7638 3
      vertex 19.7654 11.8477 3
    endloop
  endfacet
  facet normal -0 0 1
    outer loop
      vertex 15.6128 -1.1465 3
      vertex 21 -10 3
      vertex 15.7222 -1.08091 3
    endloop
  endfacet
  facet normal 0 0 1
    outer loop
      vertex 19 12 3
      vertex 19.7654 11.8477 3
      vertex 19.5806 11.9139 3
    endloop
  endfacet
  facet normal -0 0 1
    outer loop
      vertex 15.4975 -1.20104 3
      vertex 21 -10 3
      vertex 15.6128 -1.1465 3
    endloop
  endfacet
  facet normal 0 0 1
    outer loop
      vertex 19 12 3
      vertex 19.5806 11.9139 3
      vertex 19.3902 11.9616 3
    endloop
  endfacet
  facet normal -0 0 1
    outer loop
      vertex 15.3774 -1.24402 3
      vertex 21 -10 3
      vertex 15.4975 -1.20104 3
    endloop
  endfacet
  facet normal 0 0 1
    outer loop
      vertex 19 12 3
      vertex 19.3902 11.9616 3
      vertex 19.196 11.9904 3
    endloop
  endfacet
  facet normal -0 0 1
    outer loop
      vertex 15.2536 -1.27502 3
      vertex 21 -10 3
      vertex 15.3774 -1.24402 3
    endloop
  endfacet
  facet normal 0 0 1
    outer loop
      vertex 21 10 3
      vertex 19 12 3
      vertex 15.2536 1.27502 3
    endloop
  endfacet
  facet normal 0 -0 1
    outer loop
      vertex 19 -12 3
      vertex 21 -10 3
      vertex 15.2536 -1.27502 3
    endloop
  endfacet
  facet normal 0 0 1
    outer loop
      vertex 21 -10 3
      vertex 19 -12 3
      vertex 20.9904 -10.196 3
    endloop
  endfacet
  facet normal 0 0 1
    outer loop
      vertex 21 10 3
      vertex 16.2937 0.127421 3
      vertex 16.3 0 3
    endloop
  endfacet
  facet normal 0 0 1
    outer loop
      vertex 21 10 3
      vertex 16.275 0.253617 3
      vertex 16.2937 0.127421 3
    endloop
  endfacet
  facet normal 0 0 1
    outer loop
      vertex 21 10 3
      vertex 16.244 0.37737 3
      vertex 16.275 0.253617 3
    endloop
  endfacet
  facet normal 0 0 1
    outer loop
      vertex 21 10 3
      vertex 16.201 0.497488 3
      vertex 16.244 0.37737 3
    endloop
  endfacet
  facet normal 0 0 1
    outer loop
      vertex 21 10 3
      vertex 16.1465 0.612815 3
      vertex 16.201 0.497488 3
    endloop
  endfacet
  facet normal 0 0 1
    outer loop
      vertex 21 10 3
      vertex 16.0809 0.72224 3
      vertex 16.1465 0.612815 3
    endloop
  endfacet
  facet normal 0 0 1
    outer loop
      vertex 21 10 3
      vertex 16.0049 0.824711 3
      vertex 16.0809 0.72224 3
    endloop
  endfacet
  facet normal 0 0 1
    outer loop
      vertex 21 10 3
      vertex 15.9192 0.919238 3
      vertex 16.0049 0.824711 3
    endloop
  endfacet
  facet normal 0 0 1
    outer loop
      vertex 21 10 3
      vertex 15.8247 1.00491 3
      vertex 15.9192 0.919238 3
    endloop
  endfacet
  facet normal 0 0 1
    outer loop
      vertex 21 10 3
      vertex 15.7222 1.08091 3
      vertex 15.8247 1.00491 3
    endloop
  endfacet
  facet normal 0 0 1
    outer loop
      vertex 21 10 3
      vertex 15.6128 1.1465 3
      vertex 15.7222 1.08091 3
    endloop
  endfacet
  facet normal 0 0 1
    outer loop
      vertex 21 10 3
      vertex 15.4975 1.20104 3
      vertex 15.6128 1.1465 3
    endloop
  endfacet
  facet normal 0 0 1
    outer loop
      vertex 21 10 3
      vertex 15.3774 1.24402 3
      vertex 15.4975 1.20104 3
    endloop
  endfacet
  facet normal 0 0 1
    outer loop
      vertex 21 10 3
      vertex 15.2536 1.27502 3
      vertex 15.3774 1.24402 3
    endloop
  endfacet
  facet normal 0 0 1
    outer loop
      vertex 19 12 3
      vertex 15.1274 1.29374 3
      vertex 15.2536 1.27502 3
    endloop
  endfacet
  facet normal 0 0 1
    outer loop
      vertex 19 12 3
      vertex 15 1.3 3
      vertex 15.1274 1.29374 3
    endloop
  endfacet
  facet normal 0 0 1
    outer loop
      vertex 19 12 3
      vertex 14.8726 1.29374 3
      vertex 15 1.3 3
    endloop
  endfacet
  facet normal -0 0 1
    outer loop
      vertex 7.70195 6.58772 3
      vertex 14.8726 1.29374 3
      vertex 19 12 3
    endloop
  endfacet
  facet normal 0 0 1
    outer loop
      vertex 14.8726 1.29374 3
      vertex 7.70195 6.58772 3
      vertex 14.7464 1.27502 3
    endloop
  endfacet
  facet normal -0 -0 1
    outer loop
      vertex 7.73796 6.34504 3
      vertex 14.7464 1.27502 3
      vertex 7.70195 6.58772 3
    endloop
  endfacet
  facet normal 0 0 1
    outer loop
      vertex 14.7464 1.27502 3
      vertex 7.73796 6.34504 3
      vertex 14.6226 1.24402 3
    endloop
  endfacet
  facet normal -0 -0 1
    outer loop
      vertex 7.75 6.1 3
      vertex 14.6226 1.24402 3
      vertex 7.73796 6.34504 3
    endloop
  endfacet
  facet normal 0 0 1
    outer loop
      vertex 14.6226 1.24402 3
      vertex 7.75 6.1 3
      vertex 14.5025 1.20104 3
    endloop
  endfacet
  facet normal 0 0 1
    outer loop
      vertex 14.5025 1.20104 3
      vertex 7.75 6.1 3
      vertex 14.3872 1.1465 3
    endloop
  endfacet
  facet normal 0 0 1
    outer loop
      vertex 14.2778 1.08091 3
      vertex 7.75 6.1 3
      vertex 14.1753 1.00491 3
    endloop
  endfacet
  facet normal 0 0 1
    outer loop
      vertex 14.1753 1.00491 3
      vertex 7.75 6.1 3
      vertex 14.0808 0.919238 3
    endloop
  endfacet
  facet normal 0 0 1
    outer loop
      vertex 14.0808 0.919238 3
      vertex 7.75 6.1 3
      vertex 13.9951 0.824711 3
    endloop
  endfacet
  facet normal 0 0 1
    outer loop
      vertex 13.9951 0.824711 3
      vertex 7.75 6.1 3
      vertex 13.9191 0.72224 3
    endloop
  endfacet
  facet normal 0 0 1
    outer loop
      vertex 13.725 0.253617 3
      vertex 7.75 -2.9 3
      vertex 13.7063 0.127421 3
    endloop
  endfacet
  facet normal 0 0 1
    outer loop
      vertex 13.756 0.37737 3
      vertex 7.75 -2.9 3
      vertex 13.725 0.253617 3
    endloop
  endfacet
  facet normal 0 0 1
    outer loop
      vertex 7.75 -2.9 3
      vertex 13.756 0.37737 3
      vertex 7.75 6.1 3
    endloop
  endfacet
  facet normal 0 0 1
    outer loop
      vertex 13.799 0.497488 3
      vertex 7.75 6.1 3
      vertex 13.756 0.37737 3
    endloop
  endfacet
  facet normal 0 0 1
    outer loop
      vertex 13.9191 0.72224 3
      vertex 7.75 6.1 3
      vertex 13.8535 0.612815 3
    endloop
  endfacet
  facet normal 0 0 1
    outer loop
      vertex 13.8535 0.612815 3
      vertex 7.75 6.1 3
      vertex 13.799 0.497488 3
    endloop
  endfacet
  facet normal 0 0 1
    outer loop
      vertex 14.3872 1.1465 3
      vertex 7.75 6.1 3
      vertex 14.2778 1.08091 3
    endloop
  endfacet
  facet normal 0 0 1
    outer loop
      vertex 19 12 3
      vertex 7.64235 6.82571 3
      vertex 7.70195 6.58772 3
    endloop
  endfacet
  facet normal 0 0 1
    outer loop
      vertex 19 12 3
      vertex 7.55969 7.05669 3
      vertex 7.64235 6.82571 3
    endloop
  endfacet
  facet normal 0 0 1
    outer loop
      vertex 19 12 3
      vertex 7.45479 7.27848 3
      vertex 7.55969 7.05669 3
    endloop
  endfacet
  facet normal 0 0 1
    outer loop
      vertex 19 12 3
      vertex 7.32866 7.48892 3
      vertex 7.45479 7.27848 3
    endloop
  endfacet
  facet normal 0 0 1
    outer loop
      vertex 19 12 3
      vertex 7.18253 7.68597 3
      vertex 7.32866 7.48892 3
    endloop
  endfacet
  facet normal 0 0 1
    outer loop
      vertex 19 12 3
      vertex 7.01776 7.86776 3
      vertex 7.18253 7.68597 3
    endloop
  endfacet
  facet normal 0 0 1
    outer loop
      vertex 19 12 3
      vertex 6.83597 8.03253 3
      vertex 7.01776 7.86776 3
    endloop
  endfacet
  facet normal 0 0 1
    outer loop
      vertex 19 12 3
      vertex 6.63892 8.17866 3
      vertex 6.83597 8.03253 3
    endloop
  endfacet
  facet normal 0 0 1
    outer loop
      vertex 19 12 3
      vertex 6.42848 8.30479 3
      vertex 6.63892 8.17866 3
    endloop
  endfacet
  facet normal 0 0 1
    outer loop
      vertex 19 12 3
      vertex 6.2067 8.40969 3
      vertex 6.42848 8.30479 3
    endloop
  endfacet
  facet normal 0 0 1
    outer loop
      vertex 19 12 3
      vertex 5.97571 8.49235 3
      vertex 6.2067 8.40969 3
    endloop
  endfacet
  facet normal 0 0 1
    outer loop
      vertex 19 12 3
      vertex 5.73772 8.55195 3
      vertex 5.97571 8.49235 3
    endloop
  endfacet
  facet normal 0 0 1
    outer loop
      vertex 19 12 3
      vertex 5.49504 8.58796 3
      vertex 5.73772 8.55195 3
    endloop
  endfacet
  facet normal 0 0 1
    outer loop
      vertex 19 12 3
      vertex 5.25 8.6 3
      vertex 5.49504 8.58796 3
    endloop
  endfacet
  facet normal 0 0 1
    outer loop
      vertex 19 12 3
      vertex 5.00496 8.58796 3
      vertex 5.25 8.6 3
    endloop
  endfacet
  facet normal 0 0 1
    outer loop
      vertex -5.00496 8.58796 3
      vertex 5.00496 8.58796 3
      vertex 19 12 3
    endloop
  endfacet
  facet normal 0 0 1
    outer loop
      vertex 2.75 6.1 3
      vertex -2.75 6.1 3
      vertex 2.75 -2.9 3
    endloop
  endfacet
  facet normal 0 0 1
    outer loop
      vertex 2.76204 6.34504 3
      vertex -2.75 6.1 3
      vertex 2.75 6.1 3
    endloop
  endfacet
  facet normal 0 0 1
    outer loop
      vertex -2.76204 6.34504 3
      vertex 2.76204 6.34504 3
      vertex 2.79805 6.58772 3
    endloop
  endfacet
  facet normal 0 0 1
    outer loop
      vertex -2.79805 6.58772 3
      vertex 2.79805 6.58772 3
      vertex 2.85765 6.82571 3
    endloop
  endfacet
  facet normal 0 0 1
    outer loop
      vertex -2.85765 6.82571 3
      vertex 2.85765 6.82571 3
      vertex 2.94031 7.05669 3
    endloop
  endfacet
  facet normal 0 0 1
    outer loop
      vertex -2.94031 7.05669 3
      vertex 2.94031 7.05669 3
      vertex 3.04521 7.27848 3
    endloop
  endfacet
  facet normal 0 0 1
    outer loop
      vertex -3.04521 7.27848 3
      vertex 3.04521 7.27848 3
      vertex 3.17134 7.48892 3
    endloop
  endfacet
  facet normal 0 0 1
    outer loop
      vertex -3.17134 7.48892 3
      vertex 3.17134 7.48892 3
      vertex 3.31747 7.68597 3
    endloop
  endfacet
  facet normal 0 0 1
    outer loop
      vertex -3.31747 7.68597 3
      vertex 3.31747 7.68597 3
      vertex 3.48224 7.86776 3
    endloop
  endfacet
  facet normal 0 0 1
    outer loop
      vertex -3.48224 7.86776 3
      vertex 3.48224 7.86776 3
      vertex 3.66403 8.03253 3
    endloop
  endfacet
  facet normal 0 0 1
    outer loop
      vertex -3.66403 8.03253 3
      vertex 3.66403 8.03253 3
      vertex 3.86108 8.17866 3
    endloop
  endfacet
  facet normal 0 0 1
    outer loop
      vertex -3.86108 8.17866 3
      vertex 3.86108 8.17866 3
      vertex 4.07152 8.30479 3
    endloop
  endfacet
  facet normal 0 0 1
    outer loop
      vertex -4.07152 8.30479 3
      vertex 4.07152 8.30479 3
      vertex 4.2933 8.40969 3
    endloop
  endfacet
  facet normal 0 0 1
    outer loop
      vertex -4.2933 8.40969 3
      vertex 4.2933 8.40969 3
      vertex 4.52429 8.49235 3
    endloop
  endfacet
  facet normal 0 0 1
    outer loop
      vertex 2.76204 6.34504 3
      vertex -2.76204 6.34504 3
      vertex -2.75 6.1 3
    endloop
  endfacet
  facet normal 0 0 1
    outer loop
      vertex 2.79805 6.58772 3
      vertex -2.79805 6.58772 3
      vertex -2.76204 6.34504 3
    endloop
  endfacet
  facet normal 0 0 1
    outer loop
      vertex 2.85765 6.82571 3
      vertex -2.85765 6.82571 3
      vertex -2.79805 6.58772 3
    endloop
  endfacet
  facet normal 0 0 1
    outer loop
      vertex -4.52429 8.49235 3
      vertex 4.52429 8.49235 3
      vertex 4.76228 8.55195 3
    endloop
  endfacet
  facet normal 0 0 1
    outer loop
      vertex 5.00496 8.58796 3
      vertex -5.00496 8.58796 3
      vertex 4.76228 8.55195 3
    endloop
  endfacet
  facet normal 0 0 1
    outer loop
      vertex 2.94031 7.05669 3
      vertex -2.94031 7.05669 3
      vertex -2.85765 6.82571 3
    endloop
  endfacet
  facet normal 0 0 1
    outer loop
      vertex 3.04521 7.27848 3
      vertex -3.04521 7.27848 3
      vertex -2.94031 7.05669 3
    endloop
  endfacet
  facet normal 0 0 1
    outer loop
      vertex 3.17134 7.48892 3
      vertex -3.17134 7.48892 3
      vertex -3.04521 7.27848 3
    endloop
  endfacet
  facet normal 0 0 1
    outer loop
      vertex 3.31747 7.68597 3
      vertex -3.31747 7.68597 3
      vertex -3.17134 7.48892 3
    endloop
  endfacet
  facet normal 0 0 1
    outer loop
      vertex 3.48224 7.86776 3
      vertex -3.48224 7.86776 3
      vertex -3.31747 7.68597 3
    endloop
  endfacet
  facet normal 0 0 1
    outer loop
      vertex 3.66403 8.03253 3
      vertex -3.66403 8.03253 3
      vertex -3.48224 7.86776 3
    endloop
  endfacet
  facet normal 0 0 1
    outer loop
      vertex 3.86108 8.17866 3
      vertex -3.86108 8.17866 3
      vertex -3.66403 8.03253 3
    endloop
  endfacet
  facet normal 0 0 1
    outer loop
      vertex 4.07152 8.30479 3
      vertex -4.07152 8.30479 3
      vertex -3.86108 8.17866 3
    endloop
  endfacet
  facet normal 0 0 1
    outer loop
      vertex 4.2933 8.40969 3
      vertex -4.2933 8.40969 3
      vertex -4.07152 8.30479 3
    endloop
  endfacet
  facet normal 0 0 1
    outer loop
      vertex 4.52429 8.49235 3
      vertex -4.52429 8.49235 3
      vertex -4.2933 8.40969 3
    endloop
  endfacet
  facet normal 0 0 1
    outer loop
      vertex 4.76228 8.55195 3
      vertex -4.76228 8.55195 3
      vertex -4.52429 8.49235 3
    endloop
  endfacet
  facet normal 0 0 1
    outer loop
      vertex 4.76228 8.55195 3
      vertex -5.00496 8.58796 3
      vertex -4.76228 8.55195 3
    endloop
  endfacet
  facet normal -0 0 1
    outer loop
      vertex -19 12 3
      vertex -5.00496 8.58796 3
      vertex 19 12 3
    endloop
  endfacet
  facet normal 0 0 1
    outer loop
      vertex -5.00496 8.58796 3
      vertex -19 12 3
      vertex -5.25 8.6 3
    endloop
  endfacet
  facet normal -0 0 1
    outer loop
      vertex -13.756 0.37737 3
      vertex -7.75 -2.9 3
      vertex -7.75 6.1 3
    endloop
  endfacet
  facet normal 0 0 1
    outer loop
      vertex -14.6226 1.24402 3
      vertex -7.75 6.1 3
      vertex -7.73796 6.34504 3
    endloop
  endfacet
  facet normal 0 0 1
    outer loop
      vertex -14.7464 1.27502 3
      vertex -7.73796 6.34504 3
      vertex -7.70195 6.58772 3
    endloop
  endfacet
  facet normal 0 0 1
    outer loop
      vertex -19 12 3
      vertex -7.70195 6.58772 3
      vertex -7.64235 6.82571 3
    endloop
  endfacet
  facet normal 0 0 1
    outer loop
      vertex -19 12 3
      vertex -7.64235 6.82571 3
      vertex -7.55969 7.05669 3
    endloop
  endfacet
  facet normal 0 0 1
    outer loop
      vertex -19 12 3
      vertex -7.55969 7.05669 3
      vertex -7.45479 7.27848 3
    endloop
  endfacet
  facet normal 0 0 1
    outer loop
      vertex -19 12 3
      vertex -7.45479 7.27848 3
      vertex -7.32866 7.48892 3
    endloop
  endfacet
  facet normal 0 0 1
    outer loop
      vertex -19 12 3
      vertex -7.32866 7.48892 3
      vertex -7.18253 7.68597 3
    endloop
  endfacet
  facet normal 0 0 1
    outer loop
      vertex -7.75 -2.9 3
      vertex -13.7063 0.127421 3
      vertex -13.7 0 3
    endloop
  endfacet
  facet normal 0 0 1
    outer loop
      vertex -7.75 -2.9 3
      vertex -13.725 0.253617 3
      vertex -13.7063 0.127421 3
    endloop
  endfacet
  facet normal 0 0 1
    outer loop
      vertex -7.75 -2.9 3
      vertex -13.756 0.37737 3
      vertex -13.725 0.253617 3
    endloop
  endfacet
  facet normal 0 0 1
    outer loop
      vertex -7.75 6.1 3
      vertex -13.799 0.497488 3
      vertex -13.756 0.37737 3
    endloop
  endfacet
  facet normal 0 0 1
    outer loop
      vertex -19 12 3
      vertex -7.18253 7.68597 3
      vertex -7.01776 7.86776 3
    endloop
  endfacet
  facet normal 0 0 1
    outer loop
      vertex -7.75 6.1 3
      vertex -13.8535 0.612815 3
      vertex -13.799 0.497488 3
    endloop
  endfacet
  facet normal 0 0 1
    outer loop
      vertex -7.75 6.1 3
      vertex -13.9191 0.72224 3
      vertex -13.8535 0.612815 3
    endloop
  endfacet
  facet normal 0 0 1
    outer loop
      vertex -7.75 6.1 3
      vertex -13.9951 0.824711 3
      vertex -13.9191 0.72224 3
    endloop
  endfacet
  facet normal 0 0 1
    outer loop
      vertex -7.75 6.1 3
      vertex -14.0808 0.919238 3
      vertex -13.9951 0.824711 3
    endloop
  endfacet
  facet normal 0 0 1
    outer loop
      vertex -7.75 6.1 3
      vertex -14.1753 1.00491 3
      vertex -14.0808 0.919238 3
    endloop
  endfacet
  facet normal 0 0 1
    outer loop
      vertex -7.75 6.1 3
      vertex -14.2778 1.08091 3
      vertex -14.1753 1.00491 3
    endloop
  endfacet
  facet normal 0 0 1
    outer loop
      vertex -7.75 6.1 3
      vertex -14.3872 1.1465 3
      vertex -14.2778 1.08091 3
    endloop
  endfacet
  facet normal 0 0 1
    outer loop
      vertex -7.75 6.1 3
      vertex -14.5025 1.20104 3
      vertex -14.3872 1.1465 3
    endloop
  endfacet
  facet normal 0 0 1
    outer loop
      vertex -19 12 3
      vertex -7.01776 7.86776 3
      vertex -6.83597 8.03253 3
    endloop
  endfacet
  facet normal 0 0 1
    outer loop
      vertex -7.75 6.1 3
      vertex -14.6226 1.24402 3
      vertex -14.5025 1.20104 3
    endloop
  endfacet
  facet normal 0 0 1
    outer loop
      vertex -7.73796 6.34504 3
      vertex -14.7464 1.27502 3
      vertex -14.6226 1.24402 3
    endloop
  endfacet
  facet normal 0 0 1
    outer loop
      vertex -7.70195 6.58772 3
      vertex -19 12 3
      vertex -14.8726 1.29374 3
    endloop
  endfacet
  facet normal 0 0 1
    outer loop
      vertex -7.70195 6.58772 3
      vertex -14.8726 1.29374 3
      vertex -14.7464 1.27502 3
    endloop
  endfacet
  facet normal 0 0 1
    outer loop
      vertex -14.8726 1.29374 3
      vertex -19 12 3
      vertex -15 1.3 3
    endloop
  endfacet
  facet normal 0 0 1
    outer loop
      vertex -15 1.3 3
      vertex -19 12 3
      vertex -15.1274 1.29374 3
    endloop
  endfacet
  facet normal 0 0 1
    outer loop
      vertex -15.1274 1.29374 3
      vertex -19 12 3
      vertex -15.2536 1.27502 3
    endloop
  endfacet
  facet normal -0 0 1
    outer loop
      vertex -21 10 3
      vertex -15.2536 1.27502 3
      vertex -19 12 3
    endloop
  endfacet
  facet normal 0 0 1
    outer loop
      vertex -15.2536 1.27502 3
      vertex -21 10 3
      vertex -15.3774 1.24402 3
    endloop
  endfacet
  facet normal 0 0 1
    outer loop
      vertex -15.3774 1.24402 3
      vertex -21 10 3
      vertex -15.4975 1.20104 3
    endloop
  endfacet
  facet normal 0 0 1
    outer loop
      vertex -15.4975 1.20104 3
      vertex -21 10 3
      vertex -15.6128 1.1465 3
    endloop
  endfacet
  facet normal 0 0 1
    outer loop
      vertex -16.275 0.253617 3
      vertex -21 10 3
      vertex -16.2937 0.127421 3
    endloop
  endfacet
  facet normal 0 0 1
    outer loop
      vertex -16.244 0.37737 3
      vertex -21 10 3
      vertex -16.275 0.253617 3
    endloop
  endfacet
  facet normal 0 0 1
    outer loop
      vertex -16.201 0.497488 3
      vertex -21 10 3
      vertex -16.244 0.37737 3
    endloop
  endfacet
  facet normal 0 0 1
    outer loop
      vertex -16.1465 0.612815 3
      vertex -21 10 3
      vertex -16.201 0.497488 3
    endloop
  endfacet
  facet normal 0 0 1
    outer loop
      vertex -16.0809 0.72224 3
      vertex -21 10 3
      vertex -16.1465 0.612815 3
    endloop
  endfacet
  facet normal 0 0 1
    outer loop
      vertex -16.0049 0.824711 3
      vertex -21 10 3
      vertex -16.0809 0.72224 3
    endloop
  endfacet
  facet normal 0 0 1
    outer loop
      vertex -15.9192 0.919238 3
      vertex -21 10 3
      vertex -16.0049 0.824711 3
    endloop
  endfacet
  facet normal 0 0 1
    outer loop
      vertex -15.8247 1.00491 3
      vertex -21 10 3
      vertex -15.9192 0.919238 3
    endloop
  endfacet
  facet normal 0 0 1
    outer loop
      vertex -15.7222 1.08091 3
      vertex -21 10 3
      vertex -15.8247 1.00491 3
    endloop
  endfacet
  facet normal 0 0 1
    outer loop
      vertex -15.6128 1.1465 3
      vertex -21 10 3
      vertex -15.7222 1.08091 3
    endloop
  endfacet
  facet normal 0 0 1
    outer loop
      vertex -6.63892 8.17866 3
      vertex -19 12 3
      vertex -6.83597 8.03253 3
    endloop
  endfacet
  facet normal 0 0 1
    outer loop
      vertex -6.42848 8.30479 3
      vertex -19 12 3
      vertex -6.63892 8.17866 3
    endloop
  endfacet
  facet normal 0 0 1
    outer loop
      vertex -6.2067 8.40969 3
      vertex -19 12 3
      vertex -6.42848 8.30479 3
    endloop
  endfacet
  facet normal 0 0 1
    outer loop
      vertex -5.97571 8.49235 3
      vertex -19 12 3
      vertex -6.2067 8.40969 3
    endloop
  endfacet
  facet normal 0 0 1
    outer loop
      vertex -5.73772 8.55195 3
      vertex -19 12 3
      vertex -5.97571 8.49235 3
    endloop
  endfacet
  facet normal 0 0 1
    outer loop
      vertex -5.49504 8.58796 3
      vertex -19 12 3
      vertex -5.73772 8.55195 3
    endloop
  endfacet
  facet normal 0 0 1
    outer loop
      vertex -5.25 8.6 3
      vertex -19 12 3
      vertex -5.49504 8.58796 3
    endloop
  endfacet
  facet normal 0 0 1
    outer loop
      vertex 20.9904 -10.196 3
      vertex 19 -12 3
      vertex 20.9616 -10.3902 3
    endloop
  endfacet
  facet normal 0 0 1
    outer loop
      vertex 20.9139 -10.5806 3
      vertex 19 -12 3
      vertex 20.8477 -10.7654 3
    endloop
  endfacet
  facet normal 0 0 1
    outer loop
      vertex 20.8477 -10.7654 3
      vertex 19 -12 3
      vertex 20.7638 -10.9428 3
    endloop
  endfacet
  facet normal 0 0 1
    outer loop
      vertex 20.6629 -11.1111 3
      vertex 19 -12 3
      vertex 20.546 -11.2688 3
    endloop
  endfacet
  facet normal 0 0 1
    outer loop
      vertex 20.546 -11.2688 3
      vertex 19 -12 3
      vertex 20.4142 -11.4142 3
    endloop
  endfacet
  facet normal 0 0 1
    outer loop
      vertex 20.4142 -11.4142 3
      vertex 19 -12 3
      vertex 20.2688 -11.546 3
    endloop
  endfacet
  facet normal 0 0 1
    outer loop
      vertex 20.1111 -11.6629 3
      vertex 19 -12 3
      vertex 19.9428 -11.7638 3
    endloop
  endfacet
  facet normal 0 0 1
    outer loop
      vertex 19.9428 -11.7638 3
      vertex 19 -12 3
      vertex 19.7654 -11.8477 3
    endloop
  endfacet
  facet normal 0 0 1
    outer loop
      vertex 19.7654 -11.8477 3
      vertex 19 -12 3
      vertex 19.5806 -11.9139 3
    endloop
  endfacet
  facet normal 0 0 1
    outer loop
      vertex 19.3902 -11.9616 3
      vertex 19 -12 3
      vertex 19.196 -11.9904 3
    endloop
  endfacet
  facet normal 0 0 1
    outer loop
      vertex 19.5806 -11.9139 3
      vertex 19 -12 3
      vertex 19.3902 -11.9616 3
    endloop
  endfacet
  facet normal 0 0 1
    outer loop
      vertex 20.2688 -11.546 3
      vertex 19 -12 3
      vertex 20.1111 -11.6629 3
    endloop
  endfacet
  facet normal 0 0 1
    outer loop
      vertex 20.7638 -10.9428 3
      vertex 19 -12 3
      vertex 20.6629 -11.1111 3
    endloop
  endfacet
  facet normal 0 0 1
    outer loop
      vertex 20.9616 -10.3902 3
      vertex 19 -12 3
      vertex 20.9139 -10.5806 3
    endloop
  endfacet
  facet normal -0 0 1
    outer loop
      vertex 15.1274 -1.29374 3
      vertex 19 -12 3
      vertex 15.2536 -1.27502 3
    endloop
  endfacet
  facet normal -0 0 1
    outer loop
      vertex 15 -1.3 3
      vertex 19 -12 3
      vertex 15.1274 -1.29374 3
    endloop
  endfacet
  facet normal 0 0 1
    outer loop
      vertex 14.8726 -1.29374 3
      vertex 19 -12 3
      vertex 15 -1.3 3
    endloop
  endfacet
  facet normal 0 0 1
    outer loop
      vertex 14.7464 -1.27502 3
      vertex 19 -12 3
      vertex 14.8726 -1.29374 3
    endloop
  endfacet
  facet normal 0 0 1
    outer loop
      vertex 7.32866 -4.28892 3
      vertex 14.7464 -1.27502 3
      vertex 14.6226 -1.24402 3
    endloop
  endfacet
  facet normal 0 0 1
    outer loop
      vertex 7.45479 -4.07848 3
      vertex 14.6226 -1.24402 3
      vertex 14.5025 -1.20104 3
    endloop
  endfacet
  facet normal 0 0 1
    outer loop
      vertex 7.55969 -3.8567 3
      vertex 14.5025 -1.20104 3
      vertex 14.3872 -1.1465 3
    endloop
  endfacet
  facet normal 0 0 1
    outer loop
      vertex 7.64235 -3.62571 3
      vertex 14.3872 -1.1465 3
      vertex 14.2778 -1.08091 3
    endloop
  endfacet
  facet normal 0 0 1
    outer loop
      vertex 7.70195 -3.38772 3
      vertex 14.2778 -1.08091 3
      vertex 14.1753 -1.00491 3
    endloop
  endfacet
  facet normal 0 0 1
    outer loop
      vertex 7.70195 -3.38772 3
      vertex 14.1753 -1.00491 3
      vertex 14.0808 -0.919238 3
    endloop
  endfacet
  facet normal 0 0 1
    outer loop
      vertex 7.73796 -3.14504 3
      vertex 14.0808 -0.919238 3
      vertex 13.9951 -0.824711 3
    endloop
  endfacet
  facet normal 0 0 1
    outer loop
      vertex 7.75 -2.9 3
      vertex 13.9951 -0.824711 3
      vertex 13.9191 -0.72224 3
    endloop
  endfacet
  facet normal 0 0 1
    outer loop
      vertex 7.75 -2.9 3
      vertex 13.9191 -0.72224 3
      vertex 13.8535 -0.612815 3
    endloop
  endfacet
  facet normal 0 0 1
    outer loop
      vertex 7.75 -2.9 3
      vertex 13.8535 -0.612815 3
      vertex 13.799 -0.497488 3
    endloop
  endfacet
  facet normal 0 0 1
    outer loop
      vertex 13.7063 0.127421 3
      vertex 7.75 -2.9 3
      vertex 13.7 0 3
    endloop
  endfacet
  facet normal 0 0 1
    outer loop
      vertex 13.7 0 3
      vertex 7.75 -2.9 3
      vertex 13.7063 -0.127421 3
    endloop
  endfacet
  facet normal 0 0 1
    outer loop
      vertex 13.7063 -0.127421 3
      vertex 7.75 -2.9 3
      vertex 13.725 -0.253617 3
    endloop
  endfacet
  facet normal 0 0 1
    outer loop
      vertex 13.725 -0.253617 3
      vertex 7.75 -2.9 3
      vertex 13.756 -0.37737 3
    endloop
  endfacet
  facet normal 0 0 1
    outer loop
      vertex 13.756 -0.37737 3
      vertex 7.75 -2.9 3
      vertex 13.799 -0.497488 3
    endloop
  endfacet
  facet normal 0 0 1
    outer loop
      vertex 13.9951 -0.824711 3
      vertex 7.75 -2.9 3
      vertex 7.73796 -3.14504 3
    endloop
  endfacet
  facet normal 0 0 1
    outer loop
      vertex 14.0808 -0.919238 3
      vertex 7.73796 -3.14504 3
      vertex 7.70195 -3.38772 3
    endloop
  endfacet
  facet normal 0 0 1
    outer loop
      vertex 14.2778 -1.08091 3
      vertex 7.70195 -3.38772 3
      vertex 7.64235 -3.62571 3
    endloop
  endfacet
  facet normal 0 0 1
    outer loop
      vertex 14.3872 -1.1465 3
      vertex 7.64235 -3.62571 3
      vertex 7.55969 -3.8567 3
    endloop
  endfacet
  facet normal 0 0 1
    outer loop
      vertex 14.5025 -1.20104 3
      vertex 7.55969 -3.8567 3
      vertex 7.45479 -4.07848 3
    endloop
  endfacet
  facet normal 0 0 1
    outer loop
      vertex 14.6226 -1.24402 3
      vertex 7.45479 -4.07848 3
      vertex 7.32866 -4.28892 3
    endloop
  endfacet
  facet normal 0 0 1
    outer loop
      vertex 14.7464 -1.27502 3
      vertex 7.32866 -4.28892 3
      vertex 19 -12 3
    endloop
  endfacet
  facet normal -0 0 1
    outer loop
      vertex 7.18253 -4.48597 3
      vertex 19 -12 3
      vertex 7.32866 -4.28892 3
    endloop
  endfacet
  facet normal -0 0 1
    outer loop
      vertex 7.01776 -4.66776 3
      vertex 19 -12 3
      vertex 7.18253 -4.48597 3
    endloop
  endfacet
  facet normal -0 0 1
    outer loop
      vertex 6.83597 -4.83253 3
      vertex 19 -12 3
      vertex 7.01776 -4.66776 3
    endloop
  endfacet
  facet normal -0 0 1
    outer loop
      vertex 6.63892 -4.97866 3
      vertex 19 -12 3
      vertex 6.83597 -4.83253 3
    endloop
  endfacet
  facet normal -0 0 1
    outer loop
      vertex 6.42848 -5.10479 3
      vertex 19 -12 3
      vertex 6.63892 -4.97866 3
    endloop
  endfacet
  facet normal -0 0 1
    outer loop
      vertex 6.2067 -5.20969 3
      vertex 19 -12 3
      vertex 6.42848 -5.10479 3
    endloop
  endfacet
  facet normal -0 0 1
    outer loop
      vertex 5.97571 -5.29235 3
      vertex 19 -12 3
      vertex 6.2067 -5.20969 3
    endloop
  endfacet
  facet normal -0 0 1
    outer loop
      vertex 5.73772 -5.35195 3
      vertex 19 -12 3
      vertex 5.97571 -5.29235 3
    endloop
  endfacet
  facet normal -0 0 1
    outer loop
      vertex 5.49504 -5.38796 3
      vertex 19 -12 3
      vertex 5.73772 -5.35195 3
    endloop
  endfacet
  facet normal -0 0 1
    outer loop
      vertex 5.25 -5.4 3
      vertex 19 -12 3
      vertex 5.49504 -5.38796 3
    endloop
  endfacet
  facet normal 0 0 1
    outer loop
      vertex 5.00496 -5.38796 3
      vertex 19 -12 3
      vertex 5.25 -5.4 3
    endloop
  endfacet
  facet normal 0 0 1
    outer loop
      vertex 4.76228 -5.35195 3
      vertex 19 -12 3
      vertex 5.00496 -5.38796 3
    endloop
  endfacet
  facet normal 0 0 1
    outer loop
      vertex -4.76228 -5.35195 3
      vertex 4.76228 -5.35195 3
      vertex 4.52429 -5.29235 3
    endloop
  endfacet
  facet normal 0 0 1
    outer loop
      vertex -4.52429 -5.29235 3
      vertex 4.52429 -5.29235 3
      vertex 4.2933 -5.20969 3
    endloop
  endfacet
  facet normal 0 0 1
    outer loop
      vertex -2.75 -2.9 3
      vertex 2.75 -2.9 3
      vertex -2.75 6.1 3
    endloop
  endfacet
  facet normal 0 0 1
    outer loop
      vertex 2.75 -2.9 3
      vertex -2.75 -2.9 3
      vertex 2.76204 -3.14504 3
    endloop
  endfacet
  facet normal 0 0 1
    outer loop
      vertex -2.76204 -3.14504 3
      vertex 2.76204 -3.14504 3
      vertex -2.75 -2.9 3
    endloop
  endfacet
  facet normal 0 0 1
    outer loop
      vertex 2.76204 -3.14504 3
      vertex -2.76204 -3.14504 3
      vertex 2.79805 -3.38772 3
    endloop
  endfacet
  facet normal 0 0 1
    outer loop
      vertex -2.79805 -3.38772 3
      vertex 2.79805 -3.38772 3
      vertex -2.76204 -3.14504 3
    endloop
  endfacet
  facet normal 0 0 1
    outer loop
      vertex 2.79805 -3.38772 3
      vertex -2.79805 -3.38772 3
      vertex 2.85765 -3.62571 3
    endloop
  endfacet
  facet normal 0 0 1
    outer loop
      vertex -2.85765 -3.62571 3
      vertex 2.85765 -3.62571 3
      vertex -2.79805 -3.38772 3
    endloop
  endfacet
  facet normal 0 0 1
    outer loop
      vertex 2.85765 -3.62571 3
      vertex -2.85765 -3.62571 3
      vertex 2.94031 -3.8567 3
    endloop
  endfacet
  facet normal 0 0 1
    outer loop
      vertex -2.94031 -3.8567 3
      vertex 2.94031 -3.8567 3
      vertex -2.85765 -3.62571 3
    endloop
  endfacet
  facet normal 0 0 1
    outer loop
      vertex 2.94031 -3.8567 3
      vertex -2.94031 -3.8567 3
      vertex 3.04521 -4.07848 3
    endloop
  endfacet
  facet normal 0 0 1
    outer loop
      vertex -3.04521 -4.07848 3
      vertex 3.04521 -4.07848 3
      vertex -2.94031 -3.8567 3
    endloop
  endfacet
  facet normal 0 0 1
    outer loop
      vertex 3.04521 -4.07848 3
      vertex -3.04521 -4.07848 3
      vertex 3.17134 -4.28892 3
    endloop
  endfacet
  facet normal 0 0 1
    outer loop
      vertex -3.17134 -4.28892 3
      vertex 3.17134 -4.28892 3
      vertex -3.04521 -4.07848 3
    endloop
  endfacet
  facet normal 0 0 1
    outer loop
      vertex 3.17134 -4.28892 3
      vertex -3.17134 -4.28892 3
      vertex 3.31747 -4.48597 3
    endloop
  endfacet
  facet normal 0 0 1
    outer loop
      vertex -3.31747 -4.48597 3
      vertex 3.31747 -4.48597 3
      vertex -3.17134 -4.28892 3
    endloop
  endfacet
  facet normal 0 0 1
    outer loop
      vertex 3.31747 -4.48597 3
      vertex -3.31747 -4.48597 3
      vertex 3.48224 -4.66776 3
    endloop
  endfacet
  facet normal 0 0 1
    outer loop
      vertex -3.48224 -4.66776 3
      vertex 3.48224 -4.66776 3
      vertex -3.31747 -4.48597 3
    endloop
  endfacet
  facet normal 0 0 1
    outer loop
      vertex 3.48224 -4.66776 3
      vertex -3.48224 -4.66776 3
      vertex 3.66403 -4.83253 3
    endloop
  endfacet
  facet normal 0 0 1
    outer loop
      vertex -3.66403 -4.83253 3
      vertex 3.66403 -4.83253 3
      vertex -3.48224 -4.66776 3
    endloop
  endfacet
  facet normal 0 0 1
    outer loop
      vertex 3.66403 -4.83253 3
      vertex -3.66403 -4.83253 3
      vertex 3.86108 -4.97866 3
    endloop
  endfacet
  facet normal 0 0 1
    outer loop
      vertex -3.86108 -4.97866 3
      vertex 3.86108 -4.97866 3
      vertex -3.66403 -4.83253 3
    endloop
  endfacet
  facet normal 0 0 1
    outer loop
      vertex 3.86108 -4.97866 3
      vertex -3.86108 -4.97866 3
      vertex 4.07152 -5.10479 3
    endloop
  endfacet
  facet normal 0 0 1
    outer loop
      vertex -4.07152 -5.10479 3
      vertex 4.07152 -5.10479 3
      vertex -3.86108 -4.97866 3
    endloop
  endfacet
  facet normal 0 0 1
    outer loop
      vertex 4.07152 -5.10479 3
      vertex -4.07152 -5.10479 3
      vertex 4.2933 -5.20969 3
    endloop
  endfacet
  facet normal 0 0 1
    outer loop
      vertex -4.2933 -5.20969 3
      vertex 4.2933 -5.20969 3
      vertex -4.07152 -5.10479 3
    endloop
  endfacet
  facet normal 0 0 1
    outer loop
      vertex -4.52429 -5.29235 3
      vertex 4.2933 -5.20969 3
      vertex -4.2933 -5.20969 3
    endloop
  endfacet
  facet normal 0 0 1
    outer loop
      vertex 4.52429 -5.29235 3
      vertex -4.52429 -5.29235 3
      vertex -4.76228 -5.35195 3
    endloop
  endfacet
  facet normal 0 0 1
    outer loop
      vertex 4.76228 -5.35195 3
      vertex -4.76228 -5.35195 3
      vertex 19 -12 3
    endloop
  endfacet
  facet normal 0 0 1
    outer loop
      vertex -19 -12 3
      vertex -4.76228 -5.35195 3
      vertex -5.00496 -5.38796 3
    endloop
  endfacet
  facet normal 0 0 1
    outer loop
      vertex -19 -12 3
      vertex -5.00496 -5.38796 3
      vertex -5.25 -5.4 3
    endloop
  endfacet
  facet normal 0 0 1
    outer loop
      vertex -19 -12 3
      vertex -5.25 -5.4 3
      vertex -5.49504 -5.38796 3
    endloop
  endfacet
  facet normal 0 0 1
    outer loop
      vertex -19 -12 3
      vertex -5.49504 -5.38796 3
      vertex -5.73772 -5.35195 3
    endloop
  endfacet
  facet normal 0 0 1
    outer loop
      vertex -19 -12 3
      vertex -5.73772 -5.35195 3
      vertex -5.97571 -5.29235 3
    endloop
  endfacet
  facet normal -0 0 1
    outer loop
      vertex -13.7063 -0.127421 3
      vertex -7.75 -2.9 3
      vertex -13.7 0 3
    endloop
  endfacet
  facet normal -0 0 1
    outer loop
      vertex -13.725 -0.253617 3
      vertex -7.75 -2.9 3
      vertex -13.7063 -0.127421 3
    endloop
  endfacet
  facet normal -0 0 1
    outer loop
      vertex -13.756 -0.37737 3
      vertex -7.75 -2.9 3
      vertex -13.725 -0.253617 3
    endloop
  endfacet
  facet normal -0 0 1
    outer loop
      vertex -13.799 -0.497488 3
      vertex -7.75 -2.9 3
      vertex -13.756 -0.37737 3
    endloop
  endfacet
  facet normal -0 0 1
    outer loop
      vertex -13.8535 -0.612815 3
      vertex -7.75 -2.9 3
      vertex -13.799 -0.497488 3
    endloop
  endfacet
  facet normal -0 0 1
    outer loop
      vertex -13.9191 -0.72224 3
      vertex -7.75 -2.9 3
      vertex -13.8535 -0.612815 3
    endloop
  endfacet
  facet normal -0 0 1
    outer loop
      vertex -13.9951 -0.824711 3
      vertex -7.75 -2.9 3
      vertex -13.9191 -0.72224 3
    endloop
  endfacet
  facet normal 0 0 1
    outer loop
      vertex -7.75 -2.9 3
      vertex -13.9951 -0.824711 3
      vertex -7.73796 -3.14504 3
    endloop
  endfacet
  facet normal -0 0 1
    outer loop
      vertex -14.0808 -0.919238 3
      vertex -7.73796 -3.14504 3
      vertex -13.9951 -0.824711 3
    endloop
  endfacet
  facet normal 0 0 1
    outer loop
      vertex -7.73796 -3.14504 3
      vertex -14.0808 -0.919238 3
      vertex -7.70195 -3.38772 3
    endloop
  endfacet
  facet normal -0 0 1
    outer loop
      vertex -14.1753 -1.00491 3
      vertex -7.70195 -3.38772 3
      vertex -14.0808 -0.919238 3
    endloop
  endfacet
  facet normal -0 0 1
    outer loop
      vertex -14.2778 -1.08091 3
      vertex -7.70195 -3.38772 3
      vertex -14.1753 -1.00491 3
    endloop
  endfacet
  facet normal 0 0 1
    outer loop
      vertex -7.70195 -3.38772 3
      vertex -14.2778 -1.08091 3
      vertex -7.64235 -3.62571 3
    endloop
  endfacet
  facet normal -0 0 1
    outer loop
      vertex -14.3872 -1.1465 3
      vertex -7.64235 -3.62571 3
      vertex -14.2778 -1.08091 3
    endloop
  endfacet
  facet normal 0 0 1
    outer loop
      vertex -7.64235 -3.62571 3
      vertex -14.3872 -1.1465 3
      vertex -7.55969 -3.8567 3
    endloop
  endfacet
  facet normal -0 0 1
    outer loop
      vertex -14.5025 -1.20104 3
      vertex -7.55969 -3.8567 3
      vertex -14.3872 -1.1465 3
    endloop
  endfacet
  facet normal 0 0 1
    outer loop
      vertex -7.55969 -3.8567 3
      vertex -14.5025 -1.20104 3
      vertex -7.45479 -4.07848 3
    endloop
  endfacet
  facet normal -0 0 1
    outer loop
      vertex -14.6226 -1.24402 3
      vertex -7.45479 -4.07848 3
      vertex -14.5025 -1.20104 3
    endloop
  endfacet
  facet normal 0 0 1
    outer loop
      vertex -7.45479 -4.07848 3
      vertex -14.6226 -1.24402 3
      vertex -7.32866 -4.28892 3
    endloop
  endfacet
  facet normal -0 0 1
    outer loop
      vertex -14.7464 -1.27502 3
      vertex -7.32866 -4.28892 3
      vertex -14.6226 -1.24402 3
    endloop
  endfacet
  facet normal 0 0 1
    outer loop
      vertex -19 -12 3
      vertex -7.32866 -4.28892 3
      vertex -14.7464 -1.27502 3
    endloop
  endfacet
  facet normal 0 0 1
    outer loop
      vertex -7.32866 -4.28892 3
      vertex -19 -12 3
      vertex -7.18253 -4.48597 3
    endloop
  endfacet
  facet normal 0 0 1
    outer loop
      vertex -7.18253 -4.48597 3
      vertex -19 -12 3
      vertex -7.01776 -4.66776 3
    endloop
  endfacet
  facet normal 0 0 1
    outer loop
      vertex -6.83597 -4.83253 3
      vertex -19 -12 3
      vertex -6.63892 -4.97866 3
    endloop
  endfacet
  facet normal 0 0 1
    outer loop
      vertex -6.63892 -4.97866 3
      vertex -19 -12 3
      vertex -6.42848 -5.10479 3
    endloop
  endfacet
  facet normal 0 0 1
    outer loop
      vertex -7.01776 -4.66776 3
      vertex -19 -12 3
      vertex -6.83597 -4.83253 3
    endloop
  endfacet
  facet normal 0 0 1
    outer loop
      vertex -19 -12 3
      vertex -14.7464 -1.27502 3
      vertex -14.8726 -1.29374 3
    endloop
  endfacet
  facet normal 0 0 1
    outer loop
      vertex -19 -12 3
      vertex -14.8726 -1.29374 3
      vertex -15 -1.3 3
    endloop
  endfacet
  facet normal 0 0 1
    outer loop
      vertex -19 -12 3
      vertex -15 -1.3 3
      vertex -15.1274 -1.29374 3
    endloop
  endfacet
  facet normal 0 0 1
    outer loop
      vertex -19 -12 3
      vertex -15.1274 -1.29374 3
      vertex -15.2536 -1.27502 3
    endloop
  endfacet
  facet normal 0 0 1
    outer loop
      vertex -21 -10 3
      vertex -15.2536 -1.27502 3
      vertex -15.3774 -1.24402 3
    endloop
  endfacet
  facet normal 0 0 1
    outer loop
      vertex -21 -10 3
      vertex -15.3774 -1.24402 3
      vertex -15.4975 -1.20104 3
    endloop
  endfacet
  facet normal 0 0 1
    outer loop
      vertex -16.2937 0.127421 3
      vertex -21 10 3
      vertex -16.3 0 3
    endloop
  endfacet
  facet normal 0 0 1
    outer loop
      vertex -21 -10 3
      vertex -16.3 0 3
      vertex -21 10 3
    endloop
  endfacet
  facet normal 0 0 1
    outer loop
      vertex -4.76228 -5.35195 3
      vertex -19 -12 3
      vertex 19 -12 3
    endloop
  endfacet
  facet normal 0 0 1
    outer loop
      vertex -6.2067 -5.20969 3
      vertex -19 -12 3
      vertex -5.97571 -5.29235 3
    endloop
  endfacet
  facet normal 0 0 1
    outer loop
      vertex -6.42848 -5.10479 3
      vertex -19 -12 3
      vertex -6.2067 -5.20969 3
    endloop
  endfacet
  facet normal 0 0 1
    outer loop
      vertex -21 -10 3
      vertex -15.4975 -1.20104 3
      vertex -15.6128 -1.1465 3
    endloop
  endfacet
  facet normal 0 0 1
    outer loop
      vertex -21 -10 3
      vertex -15.6128 -1.1465 3
      vertex -15.7222 -1.08091 3
    endloop
  endfacet
  facet normal 0 0 1
    outer loop
      vertex -21 -10 3
      vertex -15.7222 -1.08091 3
      vertex -15.8247 -1.00491 3
    endloop
  endfacet
  facet normal 0 0 1
    outer loop
      vertex -21 -10 3
      vertex -15.8247 -1.00491 3
      vertex -15.9192 -0.919238 3
    endloop
  endfacet
  facet normal 0 0 1
    outer loop
      vertex -21 -10 3
      vertex -15.9192 -0.919238 3
      vertex -16.0049 -0.824711 3
    endloop
  endfacet
  facet normal 0 0 1
    outer loop
      vertex -21 -10 3
      vertex -16.0049 -0.824711 3
      vertex -16.0809 -0.72224 3
    endloop
  endfacet
  facet normal 0 0 1
    outer loop
      vertex -21 -10 3
      vertex -16.0809 -0.72224 3
      vertex -16.1465 -0.612815 3
    endloop
  endfacet
  facet normal 0 0 1
    outer loop
      vertex -21 -10 3
      vertex -16.1465 -0.612815 3
      vertex -16.201 -0.497488 3
    endloop
  endfacet
  facet normal 0 0 1
    outer loop
      vertex -21 -10 3
      vertex -16.201 -0.497488 3
      vertex -16.244 -0.37737 3
    endloop
  endfacet
  facet normal 0 0 1
    outer loop
      vertex -21 -10 3
      vertex -16.244 -0.37737 3
      vertex -16.275 -0.253617 3
    endloop
  endfacet
  facet normal 0 0 1
    outer loop
      vertex -16.3 0 3
      vertex -21 -10 3
      vertex -16.2937 -0.127421 3
    endloop
  endfacet
  facet normal 0 0 1
    outer loop
      vertex -21 10 3
      vertex -19 12 3
      vertex -19.196 11.9904 3
    endloop
  endfacet
  facet normal 0 0 1
    outer loop
      vertex -16.2937 -0.127421 3
      vertex -21 -10 3
      vertex -16.275 -0.253617 3
    endloop
  endfacet
  facet normal 0 0 1
    outer loop
      vertex -21 10 3
      vertex -19.196 11.9904 3
      vertex -19.3902 11.9616 3
    endloop
  endfacet
  facet normal 0 0 1
    outer loop
      vertex -15.2536 -1.27502 3
      vertex -21 -10 3
      vertex -19 -12 3
    endloop
  endfacet
  facet normal 0 0 1
    outer loop
      vertex -21 10 3
      vertex -19.3902 11.9616 3
      vertex -19.5806 11.9139 3
    endloop
  endfacet
  facet normal 0 0 1
    outer loop
      vertex -19 -12 3
      vertex -21 -10 3
      vertex -19.196 -11.9904 3
    endloop
  endfacet
  facet normal 0 0 1
    outer loop
      vertex -21 10 3
      vertex -19.5806 11.9139 3
      vertex -19.7654 11.8477 3
    endloop
  endfacet
  facet normal 0 0 1
    outer loop
      vertex -19.196 -11.9904 3
      vertex -21 -10 3
      vertex -19.3902 -11.9616 3
    endloop
  endfacet
  facet normal 0 0 1
    outer loop
      vertex -21 10 3
      vertex -19.7654 11.8477 3
      vertex -19.9428 11.7638 3
    endloop
  endfacet
  facet normal 0 0 1
    outer loop
      vertex -19.3902 -11.9616 3
      vertex -21 -10 3
      vertex -19.5806 -11.9139 3
    endloop
  endfacet
  facet normal 0 0 1
    outer loop
      vertex -21 10 3
      vertex -19.9428 11.7638 3
      vertex -20.1111 11.6629 3
    endloop
  endfacet
  facet normal 0 0 1
    outer loop
      vertex -19.5806 -11.9139 3
      vertex -21 -10 3
      vertex -19.7654 -11.8477 3
    endloop
  endfacet
  facet normal 0 0 1
    outer loop
      vertex -21 10 3
      vertex -20.1111 11.6629 3
      vertex -20.2688 11.546 3
    endloop
  endfacet
  facet normal 0 0 1
    outer loop
      vertex -19.7654 -11.8477 3
      vertex -21 -10 3
      vertex -19.9428 -11.7638 3
    endloop
  endfacet
  facet normal 0 0 1
    outer loop
      vertex -21 10 3
      vertex -20.2688 11.546 3
      vertex -20.4142 11.4142 3
    endloop
  endfacet
  facet normal 0 0 1
    outer loop
      vertex -19.9428 -11.7638 3
      vertex -21 -10 3
      vertex -20.1111 -11.6629 3
    endloop
  endfacet
  facet normal 0 0 1
    outer loop
      vertex -21 10 3
      vertex -20.4142 11.4142 3
      vertex -20.546 11.2688 3
    endloop
  endfacet
  facet normal 0 0 1
    outer loop
      vertex -20.1111 -11.6629 3
      vertex -21 -10 3
      vertex -20.2688 -11.546 3
    endloop
  endfacet
  facet normal 0 0 1
    outer loop
      vertex -21 10 3
      vertex -20.546 11.2688 3
      vertex -20.6629 11.1111 3
    endloop
  endfacet
  facet normal 0 0 1
    outer loop
      vertex -20.2688 -11.546 3
      vertex -21 -10 3
      vertex -20.4142 -11.4142 3
    endloop
  endfacet
  facet normal 0 0 1
    outer loop
      vertex -21 10 3
      vertex -20.6629 11.1111 3
      vertex -20.7638 10.9428 3
    endloop
  endfacet
  facet normal 0 0 1
    outer loop
      vertex -20.4142 -11.4142 3
      vertex -21 -10 3
      vertex -20.546 -11.2688 3
    endloop
  endfacet
  facet normal 0 0 1
    outer loop
      vertex -21 10 3
      vertex -20.7638 10.9428 3
      vertex -20.8477 10.7654 3
    endloop
  endfacet
  facet normal 0 0 1
    outer loop
      vertex -20.546 -11.2688 3
      vertex -21 -10 3
      vertex -20.6629 -11.1111 3
    endloop
  endfacet
  facet normal 0 0 1
    outer loop
      vertex -21 10 3
      vertex -20.8477 10.7654 3
      vertex -20.9139 10.5806 3
    endloop
  endfacet
  facet normal 0 0 1
    outer loop
      vertex -20.6629 -11.1111 3
      vertex -21 -10 3
      vertex -20.7638 -10.9428 3
    endloop
  endfacet
  facet normal 0 0 1
    outer loop
      vertex -21 10 3
      vertex -20.9139 10.5806 3
      vertex -20.9616 10.3902 3
    endloop
  endfacet
  facet normal 0 0 1
    outer loop
      vertex -20.7638 -10.9428 3
      vertex -21 -10 3
      vertex -20.8477 -10.7654 3
    endloop
  endfacet
  facet normal 0 0 1
    outer loop
      vertex -21 10 3
      vertex -20.9616 10.3902 3
      vertex -20.9904 10.196 3
    endloop
  endfacet
  facet normal 0 0 1
    outer loop
      vertex -20.8477 -10.7654 3
      vertex -21 -10 3
      vertex -20.9139 -10.5806 3
    endloop
  endfacet
  facet normal 0 0 1
    outer loop
      vertex -20.9139 -10.5806 3
      vertex -21 -10 3
      vertex -20.9616 -10.3902 3
    endloop
  endfacet
  facet normal 0 0 1
    outer loop
      vertex -20.9616 -10.3902 3
      vertex -21 -10 3
      vertex -20.9904 -10.196 3
    endloop
  endfacet
  facet normal -0.989182 -0.146696 0
    outer loop
      vertex -20.9616 -10.3902 0
      vertex -20.9904 -10.196 3
      vertex -20.9904 -10.196 0
    endloop
  endfacet
  facet normal -0.989182 -0.146696 0
    outer loop
      vertex -20.9904 -10.196 3
      vertex -20.9616 -10.3902 0
      vertex -20.9616 -10.3902 3
    endloop
  endfacet
  facet normal 0 1 -0
    outer loop
      vertex 19 12 0
      vertex -19 12 3
      vertex 19 12 3
    endloop
  endfacet
  facet normal 0 1 0
    outer loop
      vertex -19 12 3
      vertex 19 12 0
      vertex -19 12 0
    endloop
  endfacet
  facet normal -0.857673 0.514196 0
    outer loop
      vertex -20.7638 10.9428 0
      vertex -20.6629 11.1111 3
      vertex -20.6629 11.1111 0
    endloop
  endfacet
  facet normal -0.857673 0.514196 0
    outer loop
      vertex -20.6629 11.1111 3
      vertex -20.7638 10.9428 0
      vertex -20.7638 10.9428 3
    endloop
  endfacet
  facet normal 0.998803 0.0489209 0
    outer loop
      vertex 21 10 3
      vertex 20.9904 10.196 0
      vertex 20.9904 10.196 3
    endloop
  endfacet
  facet normal 0.998803 0.0489209 0
    outer loop
      vertex 20.9904 10.196 0
      vertex 21 10 3
      vertex 21 10 0
    endloop
  endfacet
  facet normal 0 -1 0
    outer loop
      vertex -19 -12 0
      vertex 19 -12 3
      vertex -19 -12 3
    endloop
  endfacet
  facet normal 0 -1 -0
    outer loop
      vertex 19 -12 3
      vertex -19 -12 0
      vertex 19 -12 0
    endloop
  endfacet
  facet normal 0.427539 -0.903997 0
    outer loop
      vertex 19.7654 -11.8477 0
      vertex 19.9428 -11.7638 3
      vertex 19.7654 -11.8477 3
    endloop
  endfacet
  facet normal 0.427539 -0.903997 0
    outer loop
      vertex 19.9428 -11.7638 3
      vertex 19.7654 -11.8477 0
      vertex 19.9428 -11.7638 0
    endloop
  endfacet
  facet normal 0.671607 -0.740908 0
    outer loop
      vertex 20.2688 -11.546 0
      vertex 20.4142 -11.4142 3
      vertex 20.2688 -11.546 3
    endloop
  endfacet
  facet normal 0.671607 -0.740908 0
    outer loop
      vertex 20.4142 -11.4142 3
      vertex 20.2688 -11.546 0
      vertex 20.4142 -11.4142 0
    endloop
  endfacet
  facet normal 0.243015 0.970023 -0
    outer loop
      vertex 19.5806 11.9139 0
      vertex 19.3902 11.9616 3
      vertex 19.5806 11.9139 3
    endloop
  endfacet
  facet normal 0.243015 0.970023 0
    outer loop
      vertex 19.3902 11.9616 3
      vertex 19.5806 11.9139 0
      vertex 19.3902 11.9616 0
    endloop
  endfacet
  facet normal 0.80335 0.595508 0
    outer loop
      vertex 20.6629 11.1111 3
      vertex 20.546 11.2688 0
      vertex 20.546 11.2688 3
    endloop
  endfacet
  facet normal 0.80335 0.595508 0
    outer loop
      vertex 20.546 11.2688 0
      vertex 20.6629 11.1111 3
      vertex 20.6629 11.1111 0
    endloop
  endfacet
  facet normal -0.427539 0.903997 0
    outer loop
      vertex -19.7654 11.8477 0
      vertex -19.9428 11.7638 3
      vertex -19.7654 11.8477 3
    endloop
  endfacet
  facet normal -0.427539 0.903997 0
    outer loop
      vertex -19.9428 11.7638 3
      vertex -19.7654 11.8477 0
      vertex -19.9428 11.7638 0
    endloop
  endfacet
  facet normal -0.970023 0.243015 0
    outer loop
      vertex -20.9616 10.3902 0
      vertex -20.9139 10.5806 3
      vertex -20.9139 10.5806 0
    endloop
  endfacet
  facet normal -0.970023 0.243015 0
    outer loop
      vertex -20.9139 10.5806 3
      vertex -20.9616 10.3902 0
      vertex -20.9616 10.3902 3
    endloop
  endfacet
  facet normal -0.941419 0.33724 0
    outer loop
      vertex -20.9139 10.5806 0
      vertex -20.8477 10.7654 3
      vertex -20.8477 10.7654 0
    endloop
  endfacet
  facet normal -0.941419 0.33724 0
    outer loop
      vertex -20.8477 10.7654 3
      vertex -20.9139 10.5806 0
      vertex -20.9139 10.5806 3
    endloop
  endfacet
  facet normal -0.80335 0.595508 0
    outer loop
      vertex -20.6629 11.1111 0
      vertex -20.546 11.2688 3
      vertex -20.546 11.2688 0
    endloop
  endfacet
  facet normal -0.80335 0.595508 0
    outer loop
      vertex -20.546 11.2688 3
      vertex -20.6629 11.1111 0
      vertex -20.6629 11.1111 3
    endloop
  endfacet
  facet normal -0.514196 0.857673 0
    outer loop
      vertex -19.9428 11.7638 0
      vertex -20.1111 11.6629 3
      vertex -19.9428 11.7638 3
    endloop
  endfacet
  facet normal -0.514196 0.857673 0
    outer loop
      vertex -20.1111 11.6629 3
      vertex -19.9428 11.7638 0
      vertex -20.1111 11.6629 0
    endloop
  endfacet
  facet normal 0.989182 0.146696 0
    outer loop
      vertex 20.9904 10.196 3
      vertex 20.9616 10.3902 0
      vertex 20.9616 10.3902 3
    endloop
  endfacet
  facet normal 0.989182 0.146696 0
    outer loop
      vertex 20.9616 10.3902 0
      vertex 20.9904 10.196 3
      vertex 20.9904 10.196 0
    endloop
  endfacet
  facet normal 0.0489209 -0.998803 0
    outer loop
      vertex 19 -12 0
      vertex 19.196 -11.9904 3
      vertex 19 -12 3
    endloop
  endfacet
  facet normal 0.0489209 -0.998803 0
    outer loop
      vertex 19.196 -11.9904 3
      vertex 19 -12 0
      vertex 19.196 -11.9904 0
    endloop
  endfacet
  facet normal 0.514196 -0.857673 0
    outer loop
      vertex 19.9428 -11.7638 0
      vertex 20.1111 -11.6629 3
      vertex 19.9428 -11.7638 3
    endloop
  endfacet
  facet normal 0.514196 -0.857673 0
    outer loop
      vertex 20.1111 -11.6629 3
      vertex 19.9428 -11.7638 0
      vertex 20.1111 -11.6629 0
    endloop
  endfacet
  facet normal 0.857673 -0.514196 0
    outer loop
      vertex 20.6629 -11.1111 3
      vertex 20.7638 -10.9428 0
      vertex 20.7638 -10.9428 3
    endloop
  endfacet
  facet normal 0.857673 -0.514196 0
    outer loop
      vertex 20.7638 -10.9428 0
      vertex 20.6629 -11.1111 3
      vertex 20.6629 -11.1111 0
    endloop
  endfacet
  facet normal 0.80335 -0.595508 0
    outer loop
      vertex 20.546 -11.2688 3
      vertex 20.6629 -11.1111 0
      vertex 20.6629 -11.1111 3
    endloop
  endfacet
  facet normal 0.80335 -0.595508 0
    outer loop
      vertex 20.6629 -11.1111 0
      vertex 20.546 -11.2688 3
      vertex 20.546 -11.2688 0
    endloop
  endfacet
  facet normal 0.0489209 0.998803 -0
    outer loop
      vertex 19.196 11.9904 0
      vertex 19 12 3
      vertex 19.196 11.9904 3
    endloop
  endfacet
  facet normal 0.0489209 0.998803 0
    outer loop
      vertex 19 12 3
      vertex 19.196 11.9904 0
      vertex 19 12 0
    endloop
  endfacet
  facet normal 0.33724 0.941419 -0
    outer loop
      vertex 19.7654 11.8477 0
      vertex 19.5806 11.9139 3
      vertex 19.7654 11.8477 3
    endloop
  endfacet
  facet normal 0.33724 0.941419 0
    outer loop
      vertex 19.5806 11.9139 3
      vertex 19.7654 11.8477 0
      vertex 19.5806 11.9139 0
    endloop
  endfacet
  facet normal 0.146696 0.989182 -0
    outer loop
      vertex 19.3902 11.9616 0
      vertex 19.196 11.9904 3
      vertex 19.3902 11.9616 3
    endloop
  endfacet
  facet normal 0.146696 0.989182 0
    outer loop
      vertex 19.196 11.9904 3
      vertex 19.3902 11.9616 0
      vertex 19.196 11.9904 0
    endloop
  endfacet
  facet normal -0.0489209 0.998803 0
    outer loop
      vertex -19 12 0
      vertex -19.196 11.9904 3
      vertex -19 12 3
    endloop
  endfacet
  facet normal -0.0489209 0.998803 0
    outer loop
      vertex -19.196 11.9904 3
      vertex -19 12 0
      vertex -19.196 11.9904 0
    endloop
  endfacet
  facet normal -0.989182 0.146696 0
    outer loop
      vertex -20.9904 10.196 0
      vertex -20.9616 10.3902 3
      vertex -20.9616 10.3902 0
    endloop
  endfacet
  facet normal -0.989182 0.146696 0
    outer loop
      vertex -20.9616 10.3902 3
      vertex -20.9904 10.196 0
      vertex -20.9904 10.196 3
    endloop
  endfacet
  facet normal -0.903997 0.427539 0
    outer loop
      vertex -20.8477 10.7654 0
      vertex -20.7638 10.9428 3
      vertex -20.7638 10.9428 0
    endloop
  endfacet
  facet normal -0.903997 0.427539 0
    outer loop
      vertex -20.7638 10.9428 3
      vertex -20.8477 10.7654 0
      vertex -20.8477 10.7654 3
    endloop
  endfacet
  facet normal -0.671607 0.740908 0
    outer loop
      vertex -20.2688 11.546 0
      vertex -20.4142 11.4142 3
      vertex -20.2688 11.546 3
    endloop
  endfacet
  facet normal -0.671607 0.740908 0
    outer loop
      vertex -20.4142 11.4142 3
      vertex -20.2688 11.546 0
      vertex -20.4142 11.4142 0
    endloop
  endfacet
  facet normal -0.740908 0.671607 0
    outer loop
      vertex -20.546 11.2688 0
      vertex -20.4142 11.4142 3
      vertex -20.4142 11.4142 0
    endloop
  endfacet
  facet normal -0.740908 0.671607 0
    outer loop
      vertex -20.4142 11.4142 3
      vertex -20.546 11.2688 0
      vertex -20.546 11.2688 3
    endloop
  endfacet
  facet normal 0.33724 -0.941419 0
    outer loop
      vertex 19.5806 -11.9139 0
      vertex 19.7654 -11.8477 3
      vertex 19.5806 -11.9139 3
    endloop
  endfacet
  facet normal 0.33724 -0.941419 0
    outer loop
      vertex 19.7654 -11.8477 3
      vertex 19.5806 -11.9139 0
      vertex 19.7654 -11.8477 0
    endloop
  endfacet
  facet normal -0.243015 -0.970023 0
    outer loop
      vertex -19.5806 -11.9139 0
      vertex -19.3902 -11.9616 3
      vertex -19.5806 -11.9139 3
    endloop
  endfacet
  facet normal -0.243015 -0.970023 -0
    outer loop
      vertex -19.3902 -11.9616 3
      vertex -19.5806 -11.9139 0
      vertex -19.3902 -11.9616 0
    endloop
  endfacet
  facet normal -0.903997 -0.427539 0
    outer loop
      vertex -20.7638 -10.9428 0
      vertex -20.8477 -10.7654 3
      vertex -20.8477 -10.7654 0
    endloop
  endfacet
  facet normal -0.903997 -0.427539 0
    outer loop
      vertex -20.8477 -10.7654 3
      vertex -20.7638 -10.9428 0
      vertex -20.7638 -10.9428 3
    endloop
  endfacet
  facet normal 0.970023 -0.243015 0
    outer loop
      vertex 20.9139 -10.5806 3
      vertex 20.9616 -10.3902 0
      vertex 20.9616 -10.3902 3
    endloop
  endfacet
  facet normal 0.970023 -0.243015 0
    outer loop
      vertex 20.9616 -10.3902 0
      vertex 20.9139 -10.5806 3
      vertex 20.9139 -10.5806 0
    endloop
  endfacet
  facet normal 0.998803 -0.0489209 0
    outer loop
      vertex 20.9904 -10.196 3
      vertex 21 -10 0
      vertex 21 -10 3
    endloop
  endfacet
  facet normal 0.998803 -0.0489209 0
    outer loop
      vertex 21 -10 0
      vertex 20.9904 -10.196 3
      vertex 20.9904 -10.196 0
    endloop
  endfacet
  facet normal 0.941419 -0.33724 0
    outer loop
      vertex 20.8477 -10.7654 3
      vertex 20.9139 -10.5806 0
      vertex 20.9139 -10.5806 3
    endloop
  endfacet
  facet normal 0.941419 -0.33724 0
    outer loop
      vertex 20.9139 -10.5806 0
      vertex 20.8477 -10.7654 3
      vertex 20.8477 -10.7654 0
    endloop
  endfacet
  facet normal 0.595508 -0.80335 0
    outer loop
      vertex 20.1111 -11.6629 0
      vertex 20.2688 -11.546 3
      vertex 20.1111 -11.6629 3
    endloop
  endfacet
  facet normal 0.595508 -0.80335 0
    outer loop
      vertex 20.2688 -11.546 3
      vertex 20.1111 -11.6629 0
      vertex 20.2688 -11.546 0
    endloop
  endfacet
  facet normal 0.427539 0.903997 -0
    outer loop
      vertex 19.9428 11.7638 0
      vertex 19.7654 11.8477 3
      vertex 19.9428 11.7638 3
    endloop
  endfacet
  facet normal 0.427539 0.903997 0
    outer loop
      vertex 19.7654 11.8477 3
      vertex 19.9428 11.7638 0
      vertex 19.7654 11.8477 0
    endloop
  endfacet
  facet normal 0.740908 0.671607 0
    outer loop
      vertex 20.546 11.2688 3
      vertex 20.4142 11.4142 0
      vertex 20.4142 11.4142 3
    endloop
  endfacet
  facet normal 0.740908 0.671607 0
    outer loop
      vertex 20.4142 11.4142 0
      vertex 20.546 11.2688 3
      vertex 20.546 11.2688 0
    endloop
  endfacet
  facet normal -0.33724 0.941419 0
    outer loop
      vertex -19.5806 11.9139 0
      vertex -19.7654 11.8477 3
      vertex -19.5806 11.9139 3
    endloop
  endfacet
  facet normal -0.33724 0.941419 0
    outer loop
      vertex -19.7654 11.8477 3
      vertex -19.5806 11.9139 0
      vertex -19.7654 11.8477 0
    endloop
  endfacet
  facet normal -0.243015 0.970023 0
    outer loop
      vertex -19.3902 11.9616 0
      vertex -19.5806 11.9139 3
      vertex -19.3902 11.9616 3
    endloop
  endfacet
  facet normal -0.243015 0.970023 0
    outer loop
      vertex -19.5806 11.9139 3
      vertex -19.3902 11.9616 0
      vertex -19.5806 11.9139 0
    endloop
  endfacet
  facet normal -0.146696 0.989182 0
    outer loop
      vertex -19.196 11.9904 0
      vertex -19.3902 11.9616 3
      vertex -19.196 11.9904 3
    endloop
  endfacet
  facet normal -0.146696 0.989182 0
    outer loop
      vertex -19.3902 11.9616 3
      vertex -19.196 11.9904 0
      vertex -19.3902 11.9616 0
    endloop
  endfacet
  facet normal 0.243015 -0.970023 0
    outer loop
      vertex 19.3902 -11.9616 0
      vertex 19.5806 -11.9139 3
      vertex 19.3902 -11.9616 3
    endloop
  endfacet
  facet normal 0.243015 -0.970023 0
    outer loop
      vertex 19.5806 -11.9139 3
      vertex 19.3902 -11.9616 0
      vertex 19.5806 -11.9139 0
    endloop
  endfacet
  facet normal -0.595508 -0.80335 0
    outer loop
      vertex -20.2688 -11.546 0
      vertex -20.1111 -11.6629 3
      vertex -20.2688 -11.546 3
    endloop
  endfacet
  facet normal -0.595508 -0.80335 -0
    outer loop
      vertex -20.1111 -11.6629 3
      vertex -20.2688 -11.546 0
      vertex -20.1111 -11.6629 0
    endloop
  endfacet
  facet normal -0.857673 -0.514196 0
    outer loop
      vertex -20.6629 -11.1111 0
      vertex -20.7638 -10.9428 3
      vertex -20.7638 -10.9428 0
    endloop
  endfacet
  facet normal -0.857673 -0.514196 0
    outer loop
      vertex -20.7638 -10.9428 3
      vertex -20.6629 -11.1111 0
      vertex -20.6629 -11.1111 3
    endloop
  endfacet
  facet normal 0.989182 -0.146696 0
    outer loop
      vertex 20.9616 -10.3902 3
      vertex 20.9904 -10.196 0
      vertex 20.9904 -10.196 3
    endloop
  endfacet
  facet normal 0.989182 -0.146696 0
    outer loop
      vertex 20.9904 -10.196 0
      vertex 20.9616 -10.3902 3
      vertex 20.9616 -10.3902 0
    endloop
  endfacet
  facet normal 0.903997 -0.427539 0
    outer loop
      vertex 20.7638 -10.9428 3
      vertex 20.8477 -10.7654 0
      vertex 20.8477 -10.7654 3
    endloop
  endfacet
  facet normal 0.903997 -0.427539 0
    outer loop
      vertex 20.8477 -10.7654 0
      vertex 20.7638 -10.9428 3
      vertex 20.7638 -10.9428 0
    endloop
  endfacet
  facet normal 0.740908 -0.671607 0
    outer loop
      vertex 20.4142 -11.4142 3
      vertex 20.546 -11.2688 0
      vertex 20.546 -11.2688 3
    endloop
  endfacet
  facet normal 0.740908 -0.671607 0
    outer loop
      vertex 20.546 -11.2688 0
      vertex 20.4142 -11.4142 3
      vertex 20.4142 -11.4142 0
    endloop
  endfacet
  facet normal 0.671607 0.740908 -0
    outer loop
      vertex 20.4142 11.4142 0
      vertex 20.2688 11.546 3
      vertex 20.4142 11.4142 3
    endloop
  endfacet
  facet normal 0.671607 0.740908 0
    outer loop
      vertex 20.2688 11.546 3
      vertex 20.4142 11.4142 0
      vertex 20.2688 11.546 0
    endloop
  endfacet
  facet normal 0.514196 0.857673 -0
    outer loop
      vertex 20.1111 11.6629 0
      vertex 19.9428 11.7638 3
      vertex 20.1111 11.6629 3
    endloop
  endfacet
  facet normal 0.514196 0.857673 0
    outer loop
      vertex 19.9428 11.7638 3
      vertex 20.1111 11.6629 0
      vertex 19.9428 11.7638 0
    endloop
  endfacet
  facet normal 0.595508 0.80335 -0
    outer loop
      vertex 20.2688 11.546 0
      vertex 20.1111 11.6629 3
      vertex 20.2688 11.546 3
    endloop
  endfacet
  facet normal 0.595508 0.80335 0
    outer loop
      vertex 20.1111 11.6629 3
      vertex 20.2688 11.546 0
      vertex 20.1111 11.6629 0
    endloop
  endfacet
  facet normal 0.903997 0.427539 0
    outer loop
      vertex 20.8477 10.7654 3
      vertex 20.7638 10.9428 0
      vertex 20.7638 10.9428 3
    endloop
  endfacet
  facet normal 0.903997 0.427539 0
    outer loop
      vertex 20.7638 10.9428 0
      vertex 20.8477 10.7654 3
      vertex 20.8477 10.7654 0
    endloop
  endfacet
  facet normal 0.941419 0.33724 0
    outer loop
      vertex 20.9139 10.5806 3
      vertex 20.8477 10.7654 0
      vertex 20.8477 10.7654 3
    endloop
  endfacet
  facet normal 0.941419 0.33724 0
    outer loop
      vertex 20.8477 10.7654 0
      vertex 20.9139 10.5806 3
      vertex 20.9139 10.5806 0
    endloop
  endfacet
  facet normal 0.146696 -0.989182 0
    outer loop
      vertex 19.196 -11.9904 0
      vertex 19.3902 -11.9616 3
      vertex 19.196 -11.9904 3
    endloop
  endfacet
  facet normal 0.146696 -0.989182 0
    outer loop
      vertex 19.3902 -11.9616 3
      vertex 19.196 -11.9904 0
      vertex 19.3902 -11.9616 0
    endloop
  endfacet
  facet normal -0.146696 -0.989182 0
    outer loop
      vertex -19.3902 -11.9616 0
      vertex -19.196 -11.9904 3
      vertex -19.3902 -11.9616 3
    endloop
  endfacet
  facet normal -0.146696 -0.989182 -0
    outer loop
      vertex -19.196 -11.9904 3
      vertex -19.3902 -11.9616 0
      vertex -19.196 -11.9904 0
    endloop
  endfacet
  facet normal -0.0489209 -0.998803 0
    outer loop
      vertex -19.196 -11.9904 0
      vertex -19 -12 3
      vertex -19.196 -11.9904 3
    endloop
  endfacet
  facet normal -0.0489209 -0.998803 -0
    outer loop
      vertex -19 -12 3
      vertex -19.196 -11.9904 0
      vertex -19 -12 0
    endloop
  endfacet
  facet normal -0.740908 -0.671607 0
    outer loop
      vertex -20.4142 -11.4142 0
      vertex -20.546 -11.2688 3
      vertex -20.546 -11.2688 0
    endloop
  endfacet
  facet normal -0.740908 -0.671607 0
    outer loop
      vertex -20.546 -11.2688 3
      vertex -20.4142 -11.4142 0
      vertex -20.4142 -11.4142 3
    endloop
  endfacet
  facet normal -0.80335 -0.595508 0
    outer loop
      vertex -20.546 -11.2688 0
      vertex -20.6629 -11.1111 3
      vertex -20.6629 -11.1111 0
    endloop
  endfacet
  facet normal -0.80335 -0.595508 0
    outer loop
      vertex -20.6629 -11.1111 3
      vertex -20.546 -11.2688 0
      vertex -20.546 -11.2688 3
    endloop
  endfacet
  facet normal -0.514196 -0.857673 0
    outer loop
      vertex -20.1111 -11.6629 0
      vertex -19.9428 -11.7638 3
      vertex -20.1111 -11.6629 3
    endloop
  endfacet
  facet normal -0.514196 -0.857673 -0
    outer loop
      vertex -19.9428 -11.7638 3
      vertex -20.1111 -11.6629 0
      vertex -19.9428 -11.7638 0
    endloop
  endfacet
  facet normal -0.671607 -0.740908 0
    outer loop
      vertex -20.4142 -11.4142 0
      vertex -20.2688 -11.546 3
      vertex -20.4142 -11.4142 3
    endloop
  endfacet
  facet normal -0.671607 -0.740908 -0
    outer loop
      vertex -20.2688 -11.546 3
      vertex -20.4142 -11.4142 0
      vertex -20.2688 -11.546 0
    endloop
  endfacet
  facet normal -0.33724 -0.941419 0
    outer loop
      vertex -19.7654 -11.8477 0
      vertex -19.5806 -11.9139 3
      vertex -19.7654 -11.8477 3
    endloop
  endfacet
  facet normal -0.33724 -0.941419 -0
    outer loop
      vertex -19.5806 -11.9139 3
      vertex -19.7654 -11.8477 0
      vertex -19.5806 -11.9139 0
    endloop
  endfacet
  facet normal -0.427539 -0.903997 0
    outer loop
      vertex -19.9428 -11.7638 0
      vertex -19.7654 -11.8477 3
      vertex -19.9428 -11.7638 3
    endloop
  endfacet
  facet normal -0.427539 -0.903997 -0
    outer loop
      vertex -19.7654 -11.8477 3
      vertex -19.9428 -11.7638 0
      vertex -19.7654 -11.8477 0
    endloop
  endfacet
endsolid OpenSCAD_Model
